"ASBR07A","ASBR07B","ASBR07C","ASBR07D","ASBR07E","ASBR07F","ASBR07G","ASBR07H","ASRREA01","ASRREA02","ASRREA03","ASRREA04","ASRREA05"
"3","4","2","4","2","2","2","2",599.26898,630.1825,583.37162,590.24083,578.5884
"2","2","4","2","1","1","3","1",640.23824,622.17326,648.10088,662.32131,731.0978
"1","3","3","2","2","2","1","1",564.57278,552.60501,576.70008,577.50839,580.49679
"3","2","3","2","2","2","2","2",653.11664,713.14165,648.88606,653.15108,680.78443
"1","3","2","3","2","2","4","2",539.80357,590.10426,574.41388,574.89683,553.99256
"3","2","3","3","1","1","2","4",505.83993,459.8007,534.43073,516.68941,459.45963
"1","2","3","3","2","2","2","2",441.40171,469.86121,522.30797,434.07779,483.80161
"1","1","3","2","1","2","2","1",637.60782,523.89958,550.71606,545.46544,521.91404
"2","1","2","2","2","2","2","1",633.33185,651.57207,642.7008,589.15428,622.37174
"3","1","1","1","1","1","1","1",436.65117,434.67346,469.04563,483.8233,447.10535
"3","1","3","2","2","1","1","1",577.53107,551.75041,595.74812,594.11763,543.53847
"4","4","2","4","4","2","4","4",582.91229,514.4123,536.02733,565.4858,521.91404
"4","4","1","4","4","4","4","4",597.4502,598.3501,547.7236,583.95056,581.0164
"2","2","3","3","1","2","2","1",612.00022,537.9931,552.40651,589.39446,585.52767
"2","2","4","2","3","2","1","1",452.48444,504.45674,518.09384,508.6788,473.48557
"1","1","3","3","2","1","1","1",528.87014,474.40953,490.27399,445.3274,532.18587
"1","1","4","1","2","1","2","1",661.98551,651.55851,639.29624,625.96997,616.48246
"4","4","2","4","4","2","2","2",602.27259,603.00152,552.64121,662.45341,611.01442
"2","1","2","3","2","3","2","1",596.12125,537.81627,581.25746,588.02248,574.96681
"3","2","2","3","2","1","1","1",695.48955,589.82237,678.55368,602.94309,656.35003
"2","1","3","4","3","1","2","1",640.55872,589.11071,577.52447,701.37187,589.77842
"3","3","2","3","3","2","2","2",531.31961,545.68759,527.63263,539.97289,542.87485
"1","1","3","2","2","1","1","1",519.47135,525.53772,480.48456,489.9944,523.53165
"1","3","2","3","3","1","1","1",608.34923,582.97313,586.78534,627.05969,671.35458
"3","2","2","2","3","2","2","2",593.05179,576.02398,554.87586,550.82395,550.43589
"1","1","4","1","1","1","1","1",574.07151,600.17853,538.25375,637.5587,594.48458
"2","3","2","3","4","2","3","2",621.09411,569.29736,637.65879,603.36391,647.05127
"3","3","2","3","4","2","3","2",525.33436,524.35348,558.09541,492.23861,478.04485
"2","2","4","2","1","1","2","2",585.68102,594.46742,554.80373,591.37766,567.14811
"2","3","3","3","2","3","3","2",685.40175,606.12089,573.58137,622.24939,648.41348
"1","2","3","3","3","2","2","2",504.66395,529.55759,533.4343,552.64898,568.24128
"2","2","4","2","1","1","1","1",636.70836,602.99331,592.13942,613.10297,643.29439
"3","2","4","4","4","2","3","2",642.12215,611.22724,678.26517,665.78376,624.82097
"1","2","4","3","1","2","1","1",438.81027,430.1771,411.48387,401.33249,437.32205
"1","3","2","3","3","2","4","1",608.34923,575.46123,590.90387,592.74318,558.13079
"2","2","3","2","3","2","3","2",527.19039,474.40953,514.69731,501.13952,500.73876
"2","3","3","2","2","2","1","2",525.74634,522.61788,534.56881,556.67717,520.6986
"2","3","4","3","3","1","1","2",518.0791,494.63098,501.19876,494.09392,517.75981
"2","2","4","4","4","1","4","2",535.31153,550.03063,545.9423,515.69863,502.0222
"2","1","4","2","1","2","1","1",656.82544,621.77153,677.63196,648.09434,617.02812
"1","2","4","2","1","1","1","1",580.44777,608.43916,593.32322,609.9078,597.88134
"3","4","4","4","3","3","3","3",605.43273,667.15822,619.53967,624.55026,570.68918
"2","2","3","2","2","2","2","2",671.29119,589.72234,612.1914,682.70235,648.3661
"3","1","3","2","1","1","1","1",535.94161,568.75607,564.54429,624.47092,580.78983
"4","4","3","4","2","1","4","4",514.19169,546.51467,558.38444,495.04868,513.07724
"2","2","3","2","2","1","1","2",613.8769,614.42496,627.98768,681.12899,603.85575
"2","3","2","3","3","2","3","3",543.44723,554.1228,605.43754,564.47963,598.45695
"3","3","2","3","4","2","3","2",619.64761,569.29736,610.02188,603.36391,630.0055
"3","3","2","3","3","2","2","2",590.40937,524.13618,544.73587,533.72563,511.13172
"2","3","2","4","3","4","3","2",477.16693,468.39939,438.46194,475.50343,433.74518
"1","1","1","1","3","1","1","1",515.6164,549.08577,594.66135,588.54481,567.33078
"3","2","2","4","3","3","3","4",553.81918,544.75536,595.74812,562.11327,528.94019
"2","2","4","3","2","2","2","1",612.77949,658.53796,603.62609,665.26225,619.00441
"3","3","3","3","3","3","3","4",513.8361,555.31464,518.03231,561.26352,547.7048
"3","4","3","3","3","2","3","2",513.8361,541.76169,527.63263,492.57342,502.13369
"1","1","4","2","1","1","1","1",597.78747,617.92223,576.93622,633.54282,603.34742
"2","3","3","3","3","2","2","2",609.70555,582.97313,586.78534,606.41775,573.81609
"3","2","3","3","3","2","1","2",523.83596,513.1574,534.56881,512.4737,561.61166
"2","1","3","4","2","2","3","3",607.05183,600.9825,550.16908,608.92,579.06729
"2","2","4","1","2","1","1","1",570.9646,560.98918,507.48177,563.5181,529.02563
"1","2","3","2","2","1","1","2",491.3926,525.79332,489.19957,512.86701,498.63067
"1","1","4","2","1","1","1","1",606.24325,627.55174,550.19275,569.83444,600.20995
"3","4","3","3","3","2","3","2",568.69731,598.61545,604.80608,595.13365,625.31053
"2","3","3","3","2","3","3","4",550.17949,514.83077,516.85191,549.65426,535.30006
"1","3","4","1","1","1","1","1",576.67995,643.20115,580.84537,626.00343,573.565
"4","2","4","2","2","1","2","1",539.56776,559.66857,546.13996,573.93632,553.22648
"3","4","1","2","3","3","3","2",472.3308,492.90658,490.07438,497.01956,498.32881
"2","1","4","1","1","3","3","1",610.73427,631.49572,576.93622,610.96211,595.39672
"2","2","3","2","2","1","3","4",598.14317,551.21755,633.71105,542.12473,645.36299
"3","4","1","4","4","4","2","3",465.15909,485.82701,438.46194,481.99559,497.24979
"3","4","1","4","4","4","4","4",579.79948,580.22027,558.80806,528.99846,613.03851
"1","1","2","3","1","1","1","1",519.1356,530.76514,503.20344,542.26422,530.74047
"2","3","3","3","2","3","3","3",550.17949,524.07159,549.45849,549.65426,505.92442
"4","4","2","4","3","2","4","4",613.48192,575.46123,560.09166,563.85979,558.71789
"1","3","3","3","2","1","1","1",465.49555,497.70948,473.13361,512.41047,435.60742
"3","3","2","3","3","2","1","1",544.19943,506.1299,540.10543,508.55892,510.36666
"3","4","1","4","4","4","2","2",571.36915,595.65444,650.24395,545.1137,632.02405
"1","2","4","3","2","2","2","1",575.74659,565.55578,561.97205,539.35048,543.476
"3","3","1","4","4","1","4","2",517.64005,555.28291,536.27078,481.07143,516.91126
"1","2","2","2","3","3","3","3",626.39717,592.31634,607.94414,624.55026,610.47307
"3","2","3","3","2","1","2","2",612.94141,626.71686,547.7236,573.44489,591.14289
"1","1","4","1","2","1","1","1",584.44886,532.69718,547.44208,582.23207,521.91404
"2","2","3","2","2","1","2","2",545.43058,572.91529,596.85948,589.49535,572.55716
"2","2","3","1","2","2","1","2",452.17098,447.74828,406.51759,444.23542,415.99385
"2","2","3","3","3","3","3","3",495.05763,511.46966,519.49865,543.75516,507.14109
"1","2","3","3","2","2","2","2",534.1496,522.3936,528.63708,558.85457,533.37587
"2","1","4","1","1","1","3","1",577.11329,590.34661,563.02095,607.16496,573.81609
"1","2","3","1","1","2","2","1",632.3302,617.80382,602.5811,628.3315,614.63058
"1","2","2","1","2","1","1","1",540.0523,565.40873,512.31007,532.08104,483.52416
"2","2","3","1","1","1","2","1",612.00022,560.10511,581.03933,588.88804,555.89008
"1","1","1","4","4","2","1","1",480.39414,468.39939,495.70679,432.34093,524.16767
"3","2","3","3","4","1","1","1",648.58776,539.84669,600.41663,542.68545,629.65718
"2","2","3","3","2","2","1","1",614.54423,619.42348,671.05734,648.94943,626.0721
"1","2","3","3","3","2","1","1",463.27416,513.14898,543.0517,505.00307,487.77553
"2","1","3","2","1","1","1","1",615.58668,570.2414,652.09254,534.68233,552.1574
"2","3","3","4","3","2","2","2",642.12215,625.7037,566.25182,624.09023,590.19229
"2","1","4","1","1","1","1","1",557.02593,561.16951,606.97138,570.58699,580.20344
"2","2","4","1","1","1","1","1",565.36843,569.08674,528.9116,565.92192,517.76658
"2","1","4","1","1","1","1","2",570.24497,565.56564,597.29884,519.34644,592.92277
"1","2","4","2","1","1","1","1",572.54126,627.0923,621.14184,572.98629,550.32943
"1","2","2","2","2","1","1","1",536.97002,558.21548,531.51626,491.4371,517.51282
"3","4","1","2","4","2","4","4",512.68759,550.50784,548.60417,560.88437,583.28563
"2","2","3","2","3","2","2","1",452.48444,487.83114,445.04469,443.40814,415.99385
"1","4","3","3","2","1","2","1",613.9225,587.58718,631.53001,600.75194,623.16131
"1","2","1","3","3","2","2","2",649.1755,599.07983,578.74922,610.88637,582.58488
"1","1","3","2","1","1","1","1",443.55593,433.43982,410.49557,406.36367,434.82502
"1","3","3","3","2","1","1","1",563.32291,513.91989,577.79076,579.39726,553.56003
"2","2","4","1","1","1","1","1",637.63072,588.20672,608.02687,598.88626,554.56879
"1","3","4","1","1","2","1","1",538.25785,528.99853,495.04858,481.27517,525.11849
"2","2","4","2","2","2","1","1",592.01483,640.83728,579.53985,590.8618,586.37776
"2","3","2","4","3","2","3","2",482.02759,544.62124,471.5974,497.01956,508.9903
"3","4","2","4","3","1","2","1",535.58591,565.8578,549.02994,557.38918,535.88972
"2","4","2","4","4","1","1","2",600.5852,599.48166,619.3345,604.25267,606.71372
"1","4","3","3","3","3","1","2",529.12071,540.91345,549.22544,554.77998,538.56102
"2","1","3","3","2","2","3","2",595.1593,577.18696,575.23631,565.33297,565.49891
"1","4","1","4","2","1","1","1",447.52771,487.55942,473.13361,491.67533,435.60742
"1","1","3","2","1","1","1","4",442.84973,462.40825,499.16022,428.64806,453.80123
"4","4","1","4","4","4","4","3",459.13527,461.65603,489.06447,483.18231,467.94872
"2","2","3","2","3","2","1","2",561.29132,575.30719,570.48879,583.91792,606.73742
"1","2","4","2","2","1","1","1",558.82151,532.06121,561.06648,556.84273,520.58598
"4","4","2","4","4","2","2","2",582.98048,514.4123,562.18473,636.95866,563.33809
"2","2","4","2","2","2","2","2",550.91541,553.67599,572.09527,564.91164,572.13509
"3","4","1","4","4","3","3","3",521.1512,519.25976,494.60315,526.15432,530.46733
"1","3","2","3","2","2","2","2",593.78832,564.21566,587.98096,589.16578,541.84362
"1","2","3","2","2","2","1","2",578.91711,579.5385,612.44143,559.07986,620.18969
"1","2","3","3","2","1","1","1",602.18079,598.73417,550.16908,583.95056,588.9109
"3","3","2","2","3","4","2","2",584.80353,588.21278,568.47155,549.88171,581.0164
"1","1","3","2","2","2","2","2",627.36523,625.19794,585.12483,615.21129,638.8025
"1","2","3","2","2","2","2","2",558.72564,572.14028,605.50782,590.0376,543.53847
"1","2","3","3","3","2","1","1",570.94038,528.10738,570.56462,550.69554,581.61499
"1","2","4","2","1","1","1","1",617.09414,656.58774,614.61414,655.4071,603.85575
"1","1","4","1","1","2","2","2",458.29219,462.40825,433.81412,438.26005,448.92451
"4","4","1","4","4","4","4","4",575.22409,546.50235,630.44468,570.90517,593.48556
"3","3","4","2","2","3","2","1",577.40151,593.11436,576.84609,550.4685,607.65089
"2","2","4","2","2","2","2","2",454.23014,433.07691,435.13086,444.23542,417.93321
"2","2","4","2","2","1","1","1",625.01276,666.66006,634.20474,583.52317,618.37054
"2","3","2","3","3","2","1","1",350.57224,426.20929,448.13799,444.43628,447.30003
"2","2","3","3","1","1","3","1",569.18002,571.55812,529.76017,549.39336,601.358
"3","4","2","4","3","4","3","3",398.56014,383.80241,403.55208,432.99238,444.56514
"2","1","1","1","2","2","1","1",546.58681,595.06704,565.92688,563.74298,618.09227
"2","2","4","2","2","2","2","1",604.07905,625.41257,564.64503,614.38289,588.29508
"4","4","2","4","4","3","4","4",587.52707,563.41281,603.60222,562.11296,601.56868
"2","2","3","1","2","1","1","1",604.41134,676.06611,644.64261,649.12289,590.5801
"2","2","1","3","3","2","2","2",560.81401,575.76807,581.57489,563.46565,558.56117
"1","2","4","1","1","1","1","1",465.23206,433.43982,409.17843,429.44947,424.88715
"1","2","3","2","2","2","2","2",600.78987,629.21863,587.63637,585.0836,590.69395
"2","2","3","2","3","2","2","2",421.7539,441.13688,447.253,356.67226,322.77513
"2","2","3","2","2","2","3","2",555.89717,601.70925,553.9953,522.68295,579.47182
"3","4","1","3","3","3","3","4",635.24192,592.31634,603.05853,662.45341,619.09047
"1","2","3","2","3","2","2","1",588.109,580.20004,594.11056,570.58976,651.25884
"2","1","4","1","1","1","1","1",659.91311,621.73877,677.63196,641.60916,603.06362
"1","2","4","2","2","2","1","2",546.51201,554.8438,554.61729,595.81754,543.10296
"4","3","3","3","3","3","3","3",482.13771,519.95601,480.00065,491.88687,508.32904
"2","1","3","3","3","1","1","1",554.60883,534.63313,561.06648,520.60491,564.25711
"1","1","4","2","1","1","1","1",620.38892,577.24663,564.84001,547.46835,579.52095
"3","2","4","1","1","1","1","1",598.8284,602.4512,668.73317,589.0967,621.57088
"3","2","3","4","2","2","3","2",425.71367,473.38744,423.70592,404.12151,447.30003
"2","1","4","1","1","1","1","1",528.01169,560.50386,537.56241,491.4371,496.31693
"1","2","3","2","2","2","1","1",581.90271,586.40704,588.88129,563.83587,563.52282
"1","2","3","2","2","2","2","1",637.60782,588.79976,574.43436,616.08424,619.88342
"1","2","4","3","1","1","1","2",558.35081,522.31926,545.49306,582.84821,516.80715
"1","1","4","2","1","1","1","1",627.76499,556.18927,605.40482,594.84596,673.7952
"2","2","4","2","2","1","2","1",604.07905,533.87835,604.49421,533.55473,561.23954
"3","4","1","4","3","3","2","4",537.75306,562.76976,518.03231,553.37095,501.85194
"4","4","4","3","3","4","3","2",482.13771,544.62124,498.20135,504.63603,521.65833
"4","4","1","4","4","4","4","4",585.30792,546.50235,561.98398,574.1064,559.53516
"4","3","2","3","2","2","2","2",696.23422,619.78177,622.35197,718.57919,604.42183
"1","1","4","2","2","1","1","1",547.13547,631.09882,565.15301,585.76482,550.12388
"1","1","3","2","1","1","2","2",516.53877,494.02849,536.66991,536.53457,485.01797
"2","2","3","3","2","2","2","1",576.53502,565.93359,594.85284,612.69149,557.77621
"2","4","2","4","3","3","4","2",575.77916,536.08684,531.3507,528.99846,545.0215
"4","4","1","4","4","4","4","3",543.00971,554.74624,559.14452,512.79855,512.06592
"2","2","3","2","2","2","2","2",684.20562,633.44933,633.36358,684.90335,651.65424
"1","2","4","2","1","1","1","2",507.45292,572.11543,550.63931,538.44551,496.43201
"2","2","4","2","2","2","2","2",583.54919,640.03218,624.66431,626.02776,596.70365
"3","4","1","4","4","3","4","4",562.10357,649.704,610.89164,619.15101,571.5643
"2","1","4","3","2","3","2","1",666.80495,604.82071,615.10597,680.98427,648.3661
"1","2","3","2","1","1","1","2",487.33391,517.46296,503.99295,505.00307,488.70183
"2","2","2","3","3","3","3","3",682.52657,644.59467,655.25859,680.79028,684.9002
"2","2","4","1","1","1","2","1",649.4051,616.16055,657.95832,678.66133,642.53395
"1","1","4","1","1","4","2","1",593.62762,537.81627,561.06648,505.94397,564.46625
"2","1","2","2","1","1","2","2",598.28657,578.89042,587.7155,606.41775,573.81609
"1","3","2","2","4","1","1","1",493.34185,502.07716,505.24856,503.08659,515.8748
"3","4","2","3","3","1","2","3",525.33436,519.85239,534.56881,549.47198,533.37587
"2","1","4","3","2","2","3","4",551.15467,565.52364,560.93652,552.24745,511.14916
"2","2","2","1","3","1","1","1",541.56129,589.43204,560.1535,549.31535,534.88127
"3","3","2","3","3","3","3","2",654.70836,656.4452,641.17344,627.13154,631.86825
"2","1","4","1","1","1","1","1",649.503,635.7715,640.80693,638.34389,650.59225
"3","3","2","3","3","2","2","2",596.35808,572.5227,581.57489,606.41775,574.40145
"2","2","3","3","2","2","3","2",616.0124,670.74308,618.61023,632.39705,574.2678
"2","2","3","2","2","1","1","2",591.86482,595.88539,716.8645,618.84945,657.86251
"2","2","1","2","1","1","1","1",535.44221,513.91445,574.35585,506.24583,557.63128
"2","1","4","1","2","1","1","1",567.93931,531.95791,577.35037,563.05561,561.49873
"4","4","2","4","4","3","4","3",581.87279,536.08684,562.18473,556.021,525.45029
"2","2","4","4","4","1","2","2",561.46047,622.0146,556.30959,592.17209,531.6362
"1","1","4","2","1","1","2","1",649.31442,618.94545,642.7008,625.96997,615.64447
"2","3","2","3","3","2","3","2",573.46739,539.10125,632.86845,604.13884,567.89337
"4","4","1","4","4","4","4","4",549.00412,537.25454,502.24087,530.78367,558.67297
"3","4","2","4","3","2","2","3",618.71772,653.63217,600.60667,577.76468,646.38693
"3","2","3","2","2","4","2","2",550.68825,538.65485,519.79931,589.76519,503.00973
"2","2","2","3","2","2","3","2",481.72716,496.40735,460.26003,558.1598,540.94604
"3","1","4","1","1","1","1","1",664.62885,618.58942,635.821,704.06863,636.18075
"4","4","1","4","4","4","4","4",597.4502,617.72342,588.08365,575.129,564.46184
"1","4","4","3","1","1","1","1",456.33734,454.8753,394.3157,441.77073,443.9007
"4","4","1","4","4","4","4","1",485.87693,544.62124,498.20135,509.21694,508.9903
"1","2","2","3","2","2","1","1",536.75487,558.21548,565.87492,574.89683,561.97619
"3","2","3","3","2","1","1","1",587.82486,566.46779,575.72043,551.87867,550.43589
"2","1","1","4","4","1","2","1",493.13322,474.2863,500.91436,468.82119,530.46733
"1","3","2","2","3","2","4","2",577.80565,553.79162,531.67955,541.06713,547.14939
"2","2","2","3","2","2","3","2",543.56773,587.87605,540.29136,548.63002,538.56102
"2","2","4","2","1","3","3","4",671.57717,622.30111,563.67669,587.68695,588.9109
"2","2","4","2","1","3","3","4",671.57717,660.28393,622.93343,633.83863,656.56635
"2","2","4","2","1","1","1","1",585.53385,608.43916,615.90484,535.53619,650.1871
"2","2","3","3","3","2","2","2",582.98486,607.19012,569.8136,578.60129,537.94571
"3","4","1","3","4","3","2","2",552.6662,551.20286,528.67824,571.99007,583.28563
"2","2","3","4","1","1","2","1",612.00022,601.27435,578.0412,622.61889,595.76607
"4","4","2","4","4","2","4","4",535.58591,526.08496,482.4808,494.77412,528.49207
"2","2","3","2","2","2","1","1",639.06429,588.79976,581.7461,616.08424,582.58488
"1","2","3","3","2","1","1","2",516.92398,529.96836,536.82589,589.1665,539.00596
"2","2","3","2","2","2","2","1",671.78926,683.26429,584.0284,602.30293,648.41348
"2","1","4","1","1","1","3","1",653.58042,645.87575,639.29624,638.34389,667.60868
"2","2","3","3","3","2","2","1",452.48444,455.67537,448.52549,443.40814,455.92748
"2","2","4","3","2","1","1","2",505.9247,506.05883,569.59896,513.95766,498.32358
"2","2","2","2","2","2","2","2",482.73776,485.69495,479.53762,536.31081,523.53165
"1","1","3","2","1","2","2","1",578.55531,631.2965,590.25122,632.18192,651.41997
"1","2","4","1","1","1","1","1",718.06912,696.38995,749.41119,736.92078,672.43453
"4","4","1","4","4","2","4","4",510.8795,546.51467,565.22494,495.04868,558.52178
"3","3","1","3","4","2","2","2",573.29987,525.43842,539.74561,533.72563,498.39404
"3","2","3","3","2","2","2","2",496.64905,511.99411,519.49865,515.18584,492.49307
"3","2","3","2","2","2","2","2",552.27193,547.71493,546.69343,563.67904,571.43363
"3","3","2","3","3","2","3","1",590.40937,524.13618,541.235,556.84273,569.73571
"1","2","1","3","2","1","1","1",621.87653,492.30214,554.58405,545.46544,525.45029
"2","2","2","3","3","2","3","3",543.44723,564.24574,556.34282,524.2987,547.69495
"2","3","3","3","2","2","3","2",631.76557,646.97784,584.75802,661.68485,626.24903
"3","4","1","3","4","2","4","4",538.22722,579.92319,501.07765,576.09863,549.48375
"1","1","3","3","2","2","2","2",468.04231,427.37793,492.49496,453.62776,424.96203
"1","3","2","3","3","2","3","2",437.28613,509.23663,494.23911,509.21694,495.1617
"2","1","3","3","3","4","2","1",648.58776,657.2195,593.08296,578.48767,613.61597
"2","1","4","1","1","1","2","2",629.60484,625.45714,700.79812,657.84243,588.71827
"3","1","3","2","2","2","2","2",623.16976,576.31306,610.70921,594.84596,574.86065
"2","1","4","1","1","1","1","1",526.12534,522.61788,511.0951,512.13067,512.21854
"3","2","4","2","3","2","2","1",554.60883,534.63313,545.40941,560.12094,520.58598
"2","2","4","2","1","1","2","1",629.25138,565.35317,642.02715,534.68233,763.30914
"4","4","2","4","3","4","3","2",494.68932,483.00504,517.62362,519.45555,516.14394
"1","2","4","1","1","1","1","2",611.9935,577.5814,525.57475,633.75436,567.61859
"3","4","2","4","3","4","4","4",539.16352,496.72466,522.71841,549.47198,526.15945
"2","2","3","1","2","2","2","1",539.92743,552.03672,546.13996,499.2531,520.40013
"4","4","1","4","4","4","2","2",485.87693,520.22383,478.82313,504.63603,488.53731
"4","4","4","4","3","4","3","3",642.12215,615.19782,619.96771,653.69384,598.98426
"2","2","4","1","2","1","1","1",600.09293,659.39657,643.04096,660.76848,607.35355
"2","3","1","4","4","2","3","2",663.93466,589.11071,577.52447,664.50097,655.06475
"1","2","2","2","2","3","3","4",346.00875,391.19242,412.64832,416.43405,444.56514
"2","2","4","2","1","1","1","2",636.72617,626.45756,634.34272,620.16693,645.52372
"1","2","4","1","1","1","1","1",611.9935,658.97296,590.60641,665.26225,630.83877
"3","3","2","3","3","2","3","3",548.73065,537.25454,519.9268,537.1425,561.92808
"1","1","1","2","3","2","2","2",529.62855,524.51255,544.17088,509.3552,518.06402
"1","3","1","3","2","3","4","1",479.80223,470.40948,511.75959,521.90124,459.45963
"4","3","1","3","3","2","3","3",492.01331,448.22877,518.38339,516.68941,484.35661
"2","1","3","2","2","1","1","2",541.8665,575.90896,579.22551,589.49535,591.45173
"2","2","3","2","2","2","1","1",575.35049,612.67848,622.25432,542.25919,592.47813
"2","2","3","3","3","2","2","2",551.98666,547.71493,605.43754,587.70666,528.94019
"2","2","3","2","2","1","2","1",631.48936,578.97709,608.36992,589.69191,567.90127
"2","2","2","2","1","2","2","2",633.33185,700.53664,703.30554,604.52723,651.23463
"4","2","3","3","2","2","1","1",598.2309,658.53796,609.9941,564.96953,575.58006
"2","1","4","1","1","1","2","1",649.02813,640.72936,636.31931,594.93145,667.60868
"3","2","2","3","3","2","1","2",601.54064,589.61031,587.7155,594.89758,573.81609
"3","4","2","3","2","3","2","2",629.61196,592.31634,605.40482,621.50156,630.0055
"1","2","3","3","2","1","1","1",595.40508,555.36434,509.3031,557.10733,572.4387
"2","3","2","3","3","2","3","3",545.06796,575.12522,523.20428,575.30523,547.7048
"2","2","2","1","1","1","2","1",617.44159,570.2414,561.22071,573.00538,561.71649
"2","3","2","3","3","2","2","2",538.81566,579.92319,564.19456,536.50757,586.42002
"1","2","3","2","2","1","1","1",568.06368,539.03173,569.05156,616.28213,566.46582
"2","3","3","3","1","1","4","2",616.0124,587.58718,596.16669,550.13996,526.852
"3","1","4","3","2","3","2","1",570.39936,582.3538,553.32257,549.39336,594.4655
"3","2","3","2","3","2","1","2",615.31994,643.86525,618.61023,576.52531,567.02677
"4","4","1","4","4","4","4","2",485.87693,520.22383,506.15351,525.38432,575.88295
"3","2","3","2","2","2","2","2",660.68353,645.35131,679.42766,700.40439,705.70018
"1","1","4","2","1","1","1","1",688.94862,686.48348,617.19781,680.98427,689.23834
"1","2","3","3","2","2","2","2",491.50038,498.80489,503.99295,477.43675,550.65734
"1","3","2","3","3","2","3","3",586.93272,599.61146,578.0412,619.42044,612.54577
"1","3","2","2","2","2","4","4",509.35495,550.50784,517.15061,516.98563,521.65833
"2","2","3","2","2","2","2","2",671.29119,578.97257,641.24598,624.58485,629.02167
"2","4","1","4","4","3","4","4",562.10357,592.77065,576.84609,566.28844,539.04268
"2","2","3","1","1","1","2","1",612.00022,606.12921,588.44512,600.10449,587.33504
"3","4","2","4","3","4","4","3",456.71899,431.84296,435.13086,438.26005,469.1459
"2","2","3","3","1","1","1","1",612.61604,597.79844,550.16908,608.92,554.45761
"3","2","2","1","3","2","2","1",576.02453,556.51665,544.67423,554.39047,571.0053
"2","3","3","3","3","2","2","2",484.42616,520.22383,526.98707,522.5372,499.23921
"2","2","4","3","1","2","2","1",589.29954,607.19012,637.86303,564.30709,625.79301
"2","2","3","2","3","3","3","4",527.19039,530.69069,589.63663,583.96524,601.33031
"1","1","4","1","2","2","2","2",458.29219,463.93302,463.08375,418.93189,448.92451
"2","3","2","3","3","2","3","2",574.4553,571.45758,611.46312,628.51482,572.55716
"1","2","3","2","1","1","1","2",631.16481,625.19794,625.31727,607.27273,630.15638
"2","2","3","2","2","1","2","1",586.47556,565.18928,597.29884,592.63838,605.07345
"2","2","3","3","2","2","2","2",498.25736,494.04461,497.93548,541.79505,504.18927
"4","2","3","2","2","2","2","1",539.92743,569.76112,542.64208,575.02892,523.41174
"2","2","3","2","2","2","2","2",612.71283,615.40289,598.61989,579.17782,576.68739
"2","2","4","1","1","4","3","4",559.32538,572.14028,558.80806,611.25258,594.04589
"1","2","4","2","1","1","1","1",572.54126,618.89051,583.88517,572.98629,544.21111
"1","3","3","3","3","2","1","2",447.63558,433.85377,444.07707,456.69935,428.8823
"2","3","3","2","1","1","2","2",634.56147,655.68837,580.22862,594.46301,590.19229
"4","4","3","4","3","4","2","1",561.46047,557.11534,495.09653,583.91792,543.09496
"2","1","1","2","2","2","2","2",488.06565,505.52217,489.97879,459.02455,509.40867
"2","1","3","1","2","1","1","2",478.73352,419.72585,468.48815,473.64443,433.74518
"3","3","3","2","2","1","3","1",626.03537,667.04905,657.95832,591.80269,616.48246
"1","1","2","1","1","2","3","1",519.1356,524.23066,511.3049,539.73856,478.04485
"4","4","1","4","4","4","3","3",535.22472,525.10888,506.26618,548.99409,539.00596
"2","3","3","3","2","1","2","1",603.62372,571.00779,552.30084,582.8828,585.52767
"3","3","3","4","2","2","2","2",660.68353,611.22724,605.1482,624.09023,606.94553
"4","4","1","4","4","4","4","4",564.39325,574.63631,558.91321,556.021,610.47184
"3","2","2","3","2","2","2","2",574.34549,564.63392,554.55843,581.5996,607.65089
"2","2","2","3","3","2","3","2",485.74066,521.23041,500.91436,497.01956,478.28722
"3","3","1","3","4","3","2","3",472.3308,492.90658,490.07438,495.18016,535.65607
"2","1","4","1","1","1","2","1",492.27843,511.47408,479.99077,503.31835,531.28347
"1","2","2","4","2","2","1","1",559.04693,575.76807,568.80225,582.36437,561.97619
"2","3","1","3","4","2","3","1",549.88374,523.88736,514.23337,488.18291,528.49207
"2","3","3","3","2","3","3","4",741.24334,623.92179,645.23744,751.62421,651.65424
"3","4","2","3","4","2","4","2",548.73065,537.25454,482.4808,519.29102,510.58339
"1","2","1","4","4","1","1","1",578.9165,568.78411,554.91229,582.36437,547.14939
"2","2","3","2","1","1","1","1",639.13126,662.4459,669.14609,685.7452,705.70018
"2","2","4","2","2","2","1","1",627.04627,590.53299,660.71557,648.94943,629.02167
"3","2","2","2","3","2","2","1",644.32186,610.4169,615.12346,588.76836,645.07754
"3","4","3","3","2","1","2","2",524.29028,540.9726,559.46071,475.467,560.10708
"3","3","3","4","2","2","2","2",650.03649,625.7037,611.50088,611.27937,569.12183
"2","2","1","3","3","2","2","2",535.44221,513.5236,574.9123,570.63872,584.73154
"3","2","1","1","3","1","2","1",613.0384,659.39657,600.60667,576.89645,592.56778
"2","2","4","2","2","2","2","2",569.39181,586.95737,591.99671,607.16496,586.03785
"1","2","3","2","2","2","2","1",637.60782,588.20672,581.27351,616.08424,605.90384
"1","3","4","3","1","1","1","1",438.81027,420.60171,444.07707,389.32294,394.62574
"3","3","2","3","4","2","3","3",549.15209,621.18156,607.14661,581.77604,634.72807
"2","2","2","3","2","2","1","1",553.16611,575.06319,568.80225,562.02223,579.05693
"1","2","3","2","2","1","1","1",582.27184,598.37084,571.09288,563.83587,556.74827
"2","2","3","1","2","1","1","1",599.24862,659.39657,606.18805,639.52291,583.95612
"1","1","4","2","1","1","2","1",645.55738,623.95486,574.36902,603.84242,657.47306
"1","1","4","1","1","1","1","2",568.13756,535.25462,604.75289,590.0376,519.02755
"2","3","2","3","2","1","3","1",574.4553,553.79162,562.9196,568.82231,543.476
"1","1","1","1","2","1","1","1",551.17991,551.20286,538.92184,562.02223,511.00741
"2","2","3","2","3","2","2","2",615.31994,643.86525,600.54854,591.58315,608.10168
"1","2","3","2","1","1","1","1",423.3728,405.07111,440.33935,447.80399,447.30003
"1","3","2","3","3","2","4","4",346.00875,408.40469,456.50121,521.90124,497.24979
"1","3","2","3","4","2","1","1",441.81847,433.85377,431.47328,422.26059,480.65666
"3","4","1","4","4","4","4","4",579.79948,568.78411,558.91321,519.29102,584.13028
"1","1","4","2","1","2","1","1",647.58713,666.66355,617.4855,689.66891,641.3063
"2","1","3","2","2","1","1","1",537.23025,579.92319,581.8953,595.50962,534.88127
"1","2","4","2","2","1","1","1",577.27369,586.40704,591.94135,626.39284,564.25772
"1","2","4","1","2","1","1","2",538.25785,508.6786,498.10535,468.57619,536.61098
"4","4","4","4","2","2","3","2",541.55915,506.1299,548.13229,553.47944,548.18513
"2","2","3","3","2","2","2","2",591.94115,663.7965,661.64296,610.48022,666.81469
"2","2","4","2","2","2","2","2",556.24686,566.85247,569.36817,565.81969,608.89536
"2","2","4","2","1","1","1","1",495.75589,555.76084,541.78425,536.72424,511.66795
"2","1","4","1","1","1","1","1",573.45691,581.92711,571.49529,539.96817,559.97395
"1","1","3","1","1","1","1","1",443.55593,525.5257,494.23911,492.91963,447.10535
"1","1","4","1","1","2","2","2",558.42032,590.04993,581.6714,594.48754,593.63849
"2","1","4","1","1","1","1","1",619.36397,567.11886,525.57475,547.46835,605.06678
"2","2","3","3","1","1","1","1",558.71994,568.80916,564.79052,571.5713,511.14916
"2","1","4","1","1","1","1","1",492.27843,473.31422,479.53762,470.49401,467.245
"1","2","2","3","3","2","1","2",611.04671,595.15679,609.14491,627.43125,626.04964
"2","1","3","2","2","1","2","1",652.81875,724.30835,692.54726,648.09434,675.20757
"1","1","4","2","1","1","1","1",688.94862,650.31522,697.43729,633.28047,656.56635
"2","1","1","4","4","1","4","3",568.13024,599.64391,556.30959,590.13973,567.14811
"2","2","2","2","3","2","2","2",468.75217,463.93302,461.4002,495.3763,451.45692
"2","1","4","1","1","1","1","2",559.09192,572.92577,575.43819,552.53844,540.5368
"1","3","2","3","2","1","1","1",577.80565,628.49548,566.36438,605.20362,595.76607
"2","2","3","2","3","2","2","1",560.77157,569.08674,549.36723,582.54758,559.6767
"2","2","3","2","2","1","3","1",622.6901,607.14483,657.95832,648.94943,592.00037
"2","1","4","2","2","2","1","1",585.28207,605.17756,569.28338,592.63459,590.78226
"2","2","3","2","3","2","1","2",421.7539,410.29032,448.13799,416.9765,444.56514
"2","2","2","3","3","2","2","1",547.20824,574.83922,557.1598,562.02223,533.11699
"1","2","3","2","2","2","2","1",741.53278,670.3013,652.16539,629.40388,646.8249
"1","2","3","3","3","1","1","1",463.27416,471.29735,486.88847,431.67367,459.62343
"2","2","3","2","2","1","2","1",535.01375,550.74177,552.21502,492.23861,532.00627
"1","2","1","3","2","2","1","1",649.1755,673.20235,678.9705,601.23198,672.43453
"3","3","3","2","2","2","2","2",543.13693,554.1228,511.75455,492.57342,532.00627
"3","3","3","4","3","2","2","2",567.71979,541.66187,523.19142,577.50839,549.31164
"1","1","4","1","1","1","1","2",638.89962,523.89958,578.74922,550.69554,533.28058
"2","2","4","2","2","2","2","2",662.46659,672.88801,689.5301,686.38198,651.20458
"1","2","4","4","4","2","2","2",584.34026,566.51102,538.71225,582.23207,566.50726
"2","2","4","3","2","1","1","1",474.27679,471.41329,491.54319,470.49401,451.45692
"2","1","3","2","2","1","2","1",577.53107,564.03266,594.39681,588.4162,571.70923
"2","1","4","2","1","2","1","2",576.43498,638.50659,621.14184,590.27439,620.18969
"3","3","2","3","3","2","3","3",549.15209,559.22237,536.27078,555.14189,504.09634
"2","1","4","1","1","1","2","1",542.01275,542.0943,525.37009,490.03802,498.36748
"3","2","3","3","2","2","2","2",619.18129,492.30214,589.2621,550.69554,533.28058
"1","2","2","3","3","2","1","1",540.36525,565.40873,516.02825,550.28632,483.52416
"2","1","4","1","1","1","1","1",664.62885,618.58942,677.63196,648.09434,640.27005
"2","1","2","2","2","1","1","1",542.23125,526.6547,505.70376,484.04972,525.11849
"2","2","3","2","2","2","2","2",684.20562,660.85428,683.66597,664.37216,684.9002
"3","1","4","2","1","1","1","1",656.21409,645.87575,659.9912,646.21768,612.13775
"2","2","4","1","2","1","1","1",535.35285,526.08496,515.10704,561.13891,525.73554
"2","1","2","2","1","1","1","1",490.36622,490.40008,491.70977,503.31835,481.37648
"2","2","2","2","3","2","2","2",656.014,672.88801,625.1512,665.09751,648.3661
"2","1","4","1","1","1","1","1",557.02593,601.70925,548.89124,593.43456,574.08236
"1","1","4","1","1","1","1","1",566.29914,532.06121,570.56462,563.05561,555.56073
"3","2","4","2","2","2","2","2",581.88541,558.41008,552.44304,539.35048,558.36455
"1","2","4","2","1","1","3","1",530.35114,551.91123,563.25266,475.91184,544.37389
"1","1","3","4","2","2","1","2",624.82193,641.50088,622.94011,591.39049,616.4723
"1","2","3","2","2","1","1","1",568.06368,516.62428,571.89627,557.02584,519.02755
"1","2","2","2","3","2","2","2",611.04671,607.19648,599.13035,615.21129,625.31053
"2","1","4","1","2","1","1","1",544.08647,533.46604,536.96532,490.03802,525.11849
"1","2","2","2","2","1","1","1",559.04693,607.87363,593.32322,535.53619,568.44488
"2","3","3","2","2","2","2","1",667.52336,604.82071,587.24887,622.24939,624.16751
"1","2","3","2","3","2","2","2",500.2691,516.67511,469.71712,511.98503,500.01062
"2","1","4","1","1","1","2","1",580.90402,575.94614,643.64896,583.56761,627.86849
"1","2","2","3","2","1","1","1",611.04671,603.18647,637.15646,610.5922,604.5885
"2","2","2","2","2","2","1","1",551.56512,542.54071,525.15679,584.03555,553.22648
"3","4","3","4","4","2","4","3",524.55743,540.61729,516.72875,561.26352,547.7048
"1","2","3","3","3","2","2","2",504.66395,469.42066,487.7215,434.07779,517.5959
"3","4","2","4","3","2","2","2",582.91229,577.68759,551.04769,618.39476,572.67112
"2","2","3","2","2","2","2","2",624.5674,641.50088,634.70974,603.98078,561.11184
"2","2","2","2","3","1","2","2",542.94722,487.67557,510.3663,515.15495,514.38663
"2","2","3","1","2","2","2","2",710.61804,723.90785,620.74333,690.58138,624.38393
"3","3","3","3","2","1","2","3",533.32605,584.10664,579.22551,540.22189,552.65312
"1","3","3","2","2","1","1","2",566.98234,552.83422,531.67955,582.35739,572.47131
"2","2","4","2","1","1","2","3",602.78105,538.06725,581.25746,592.63838,558.71789
"4","4","1","4","4","4","4","4",575.74323,642.63953,673.82385,590.13973,632.02405
"2","2","4","2","1","1","1","1",681.07631,660.28393,617.91611,587.68695,640.80464
"3","3","2","3","3","2","3","3",494.72982,516.98082,486.97943,520.57945,508.32904
"4","4","2","4","4","3","2","2",398.56014,378.11781,393.48103,389.77199,392.12501
"2","3","2","3","3","2","2","2",561.33804,562.306,597.12844,544.62092,597.47681
"2","3","2","3","3","2","3","3",585.92313,618.85806,553.93047,637.79107,651.41997
"1","2","3","2","2","1","1","1",568.06368,539.03173,638.5695,593.58174,599.39146
"2","2","3","3","2","3","2","2",503.18672,516.14317,474.27563,485.83483,460.73835
"2","1","4","1","1","1","1","1",654.01885,662.23517,642.76613,646.21768,617.02812
"3","2","4","2","1","1","1","1",512.74754,514.02001,536.57545,588.7195,576.85325
"2","1","3","1","2","1","2","1",652.81875,639.43287,637.31296,638.34389,592.00037
"2","3","2","2","3","2","2","2",539.87634,570.23124,560.34766,553.37095,594.04589
"4","4","4","4","4","3","4","4",399.20456,408.40469,475.97513,444.0288,439.79088
"3","4","1","4","4","3","4","4",476.82945,451.41355,406.51759,475.50343,478.54005
"1","3","3","3","3","1","1","1",597.16483,530.74748,589.2621,571.52768,565.21397
"1","2","4","2","1","1","1","1",598.61499,621.29422,622.55529,576.52531,562.1722
"1","2","4","1","1","2","2","1",565.29536,587.18801,593.55679,595.13365,612.01621
"2","1","3","1","2","2","2","1",568.47026,573.13721,572.66489,563.5181,601.358
"2","1","4","2","1","1","1","1",508.61374,585.92716,557.95116,491.4371,560.31601
"3","3","3","3","3","2","2","2",551.99491,544.10008,558.38444,579.21333,542.96757
"1","2","4","2","2","1","3","1",661.98551,576.50067,578.74922,646.83988,648.41348
"1","2","3","2","2","1","1","1",474.77283,501.52715,496.67266,479.68497,502.52499
"1","1","4","1","1","1","1","1",580.29196,540.76424,507.61379,569.62166,526.77815
"1","3","3","3","3","2","1","1",565.05345,557.99305,584.64298,577.50839,539.13663
"1","1","4","2","1","1","1","1",549.21285,550.8115,568.73136,572.88632,580.78983
"2","2","4","1","1","1","1","1",442.64028,456.79738,471.77129,458.47307,449.68044
"2","2","3","3","2","2","2","2",493.96968,494.04461,500.91436,501.94688,498.32358
"1","1","4","3","2","1","1","1",513.55449,537.76698,504.23032,515.09152,532.66538
"2","2","3","3","2","2","2","2",591.94115,640.83728,626.15164,646.85528,596.70365
"2","2","3","3","2","2","1","2",621.44593,612.07783,595.86377,591.58315,601.08189
"2","2","3","3","3","3","1","1",452.48444,455.44729,496.67266,440.07656,456.12
"4","3","2","4","4","4","2","2",398.56014,408.40469,440.33935,444.43628,412.63062
"2","1","4","1","2","1","2","1",549.85911,524.07159,533.30116,484.62255,496.48934
"1","3","2","3","3","1","1","1",514.88242,440.10267,490.37956,459.59061,486.54224
"1","1","1","2","1","2","2","1",370.93174,378.11781,352.20892,343.71402,408.73517
"1","1","4","2","1","1","1","1",594.38033,578.13204,592.37124,562.25379,575.58006
"2","2","3","2","2","2","3","2",598.14317,589.61031,567.13362,616.6233,595.27825
"3","3","3","4","4","4","2","1",561.46047,582.3538,536.69789,620.25387,599.31812
"4","4","1","4","4","4","4","4",633.08454,592.31634,605.40482,621.50156,623.21998
"3","4","1","2","4","2","3","3",537.44184,525.52355,520.08916,537.18982,545.8479
"2","2","2","3","3","1","1","1",601.0733,614.3008,604.30087,614.51272,638.10247
"3","2","3","3","2","2","2","1",658.11286,681.6699,647.84138,636.38748,684.41525
"2","2","3","1","2","1","1","1",571.78234,539.46098,632.86845,566.48141,597.47681
"1","2","3","2","3","2","1","2",504.66395,543.04071,538.72758,472.15913,521.9324
"1","2","2","3","3","2","2","2",611.04671,595.15679,550.16908,546.50385,597.62256
"2","2","4","2","1","1","2","2",598.45968,636.17446,626.47154,681.12899,626.98025
"2","1","4","1","1","1","1","1",589.19227,577.2531,612.30787,620.41101,650.1871
"1","2","2","3","3","2","3","3",536.97002,558.21548,556.34282,553.37095,511.14916
"1","2","4","1","1","2","1","1",576.67995,643.20115,628.25736,626.02776,618.68122
"3","2","4","2","3","2","2","1",488.60586,491.01603,489.97879,541.31213,504.18927
"2","2","3","2","2","2","3","2",564.12437,525.52971,537.58638,565.4858,532.61984
"2","2","4","2","2","1","1","1",474.27679,455.44729,456.00053,522.58462,465.91827
"3","2","3","2","3","2","3","2",491.51798,525.85493,487.66584,503.31835,454.90066
"2","1","1","1","2","2","1","1",611.5628,557.53052,623.75977,604.13884,543.21743
"2","1","4","2","1","2","1","1",526.84772,536.47583,505.70376,515.16747,506.14843
"2","1","4","2","1","1","1","1",594.35611,609.85415,668.73317,589.0967,645.36299
"1","2","4","1","1","1","1","1",718.06912,696.38995,648.88606,679.04592,713.84771
"1","1","4","1","2","1","2","1",558.82079,594.97,664.01775,594.48754,626.36412
"1","2","4","3","1","1","2","2",558.42032,607.82876,554.63221,569.31272,511.14916
"3","2","3","3","2","2","2","2",604.10664,644.91487,644.64261,600.87552,578.61343
"4","3","2","2","2","3","2","2",573.59644,548.36107,561.98398,547.01304,571.0053
"2","2","3","3","2","2","3","1",595.20255,619.90788,580.4516,617.27547,612.54577
"1","2","3","1","1","1","1","1",588.60993,608.43916,601.7561,578.60129,612.01621
"1","3","2","3","4","1","1","1",490.84862,555.76084,487.07101,477.07054,535.60786
"2","2","3","2","2","2","2","2",671.29119,578.97257,634.72271,643.79251,598.98426
"1","1","4","2","1","1","2","1",566.91059,535.25462,547.94348,565.92192,500.30571
"3","3","3","3","3","3","3","1",575.88571,588.21278,591.94135,544.72787,591.05448
"2","2","1","3","3","2","2","1",560.81401,640.16106,588.25404,575.71271,561.97619
"3","4","2","2","3","2","3","2",573.59644,524.96244,526.06566,538.23849,529.48924
"1","2","4","2","1","2","1","1",573.63735,539.46098,632.86845,600.11701,619.27745
"3","3","2","3","4","2","3","2",619.64761,585.3144,606.76487,667.71164,567.60854
"4","1","4","4","2","2","1","2",580.622,536.08684,585.95992,539.35048,561.23954
"2","3","3","3","1","1","2","2",499.31295,559.96617,529.59091,550.18101,496.43201
"2","2","3","3","3","2","3","2",506.90895,546.07187,533.6085,556.87752,485.85309
"1","1","3","2","2","2","1","2",546.32027,516.68651,533.30116,529.12081,579.14206
"4","4","3","4","2","1","2","2",542.58481,511.61312,579.89,506.24583,569.84217
"2","1","4","1","1","1","1","1",625.65555,604.09242,607.84938,635.68829,763.30914
"3","4","2","4","4","3","3","3",570.52606,520.19877,542.24779,551.02337,520.55859
"2","2","3","2","2","2","1","1",589.45973,623.02252,568.60758,597.0407,603.15983
"3","3","2","2","3","3","3","3",593.05179,550.97088,530.50327,574.1064,559.53516
"1","3","3","3","3","2","1","2",500.2691,526.49974,522.78447,468.38251,531.82052
"2","3","3","2","1","1","1","1",612.00022,579.9618,631.53001,598.17353,616.35466
"2","1","1","4","4","1","4","1",472.31248,468.39939,486.88847,472.52545,467.24212
"2","3","3","3","2","2","2","2",596.50402,569.99977,613.19122,590.0376,584.91924
"1","2","4","2","1","1","1","2",516.16577,542.03269,557.94313,475.61367,553.68352
"2","3","1","4","4","2","3","3",493.13322,468.07591,466.81993,472.62419,481.6687
"2","3","4","1","1","1","1","1",618.50908,571.04045,561.22071,607.61021,574.40145
"1","2","3","2","3","2","2","1",588.109,596.65743,632.77976,656.88737,587.24836
"2","2","3","1","2","1","1","1",630.95882,612.20466,659.71164,619.60796,574.86065
"1","1","3","2","2","1","2","1",684.34962,614.60292,678.55368,704.5536,686.87434
"4","2","3","2","2","2","1","1",656.59278,681.6699,617.19781,590.29399,685.38401
"1","2","3","2","2","2","1","1",647.38756,613.67572,550.31725,626.22934,545.53783
"1","2","3","1","1","1","1","1",528.36474,527.63397,505.17417,522.83649,546.28515
"2","2","3","3","2","2","2","2",498.25736,529.55759,532.23127,520.84221,512.21854
"4","3","2","3","2","3","1","1",635.90893,592.31634,577.52447,568.52096,612.49664
"2","2","4","1","1","1","1","1",442.64028,461.13539,499.16022,444.0288,430.69951
"1","4","2","3","3","2","2","2",538.99214,503.00663,502.80113,518.33041,500.50665
"2","2","4","2","2","2","2","2",454.23014,471.88095,450.7835,435.5205,448.92451
"2","1","3","3","2","2","2","2",512.80606,572.11543,534.40789,597.04891,571.20141
"1","2","2","3","3","2","1","1",609.45519,610.61283,561.8103,582.67311,556.61503
"1","3","3","2","2","1","1","1",632.48001,646.97784,602.5811,641.78827,583.61846
"1","2","3","2","1","1","2","2",516.53877,480.35302,487.7215,476.7968,491.35189
"1","1","4","1","1","2","2","1",683.74245,621.39886,573.58137,617.98872,620.60387
"2","1","3","2","3","4","2","1",632.0716,645.52547,592.80072,591.58315,618.37054
"2","1","4","1","1","1","3","1",585.11913,564.03266,594.39681,557.67709,567.33078
"2","2","2","2","2","3","3","2",567.78879,535.25462,542.8205,582.36437,500.30571
"2","2","3","2","3","2","3","2",521.31465,489.98603,519.99646,558.85457,576.85325
"4","3","2","3","3","3","3","3",513.05347,538.52422,519.9268,563.37245,549.48375
"3","1","2","1","3","1","2","1",619.5782,683.11385,628.50585,672.14823,624.38393
"3","4","4","4","4","2","4","3",535.31153,511.07492,567.70849,580.95513,581.61499
"2","3","1","4","4","3","2","2",493.13322,516.14317,505.96707,471.55232,530.46733
"2","2","3","1","2","2","2","2",400.83201,408.40469,440.33935,452.13836,407.77195
"2","3","2","3","2","2","3","2",574.4553,606.65489,573.28925,542.25919,532.66004
"2","2","3","2","2","1","3","1",598.14317,598.73417,678.96155,622.02964,657.86251
"2","2","1","3","2","2","2","3",535.44221,568.75607,587.10688,560.59811,531.6362
"3","2","3","2","1","1","2","2",474.22092,462.40825,490.07438,473.58962,467.24212
"2","2","3","2","2","2","1","1",589.45973,595.33876,605.49053,577.56155,573.9841
"1","3","2","3","3","2","3","2",490.84862,525.85493,522.78447,510.37543,497.51267
"1","1","1","1","2","2","3","1",587.49247,548.56841,572.4627,505.94397,574.96681
"2","4","2","4","3","2","3","2",548.07269,537.25454,611.10278,640.64076,605.07345
"2","2","4","1","1","1","1","1",565.36843,508.29659,579.8756,574.00704,544.97586
"1","3","2","3","3","2","4","2",539.80357,552.03672,527.49537,539.73856,530.91043
"2","3","3","3","3","2","2","3",521.30875,565.32709,539.63603,504.49757,502.27493
"1","1","3","1","2","1","1","1",442.84973,458.5187,511.2375,434.07779,429.79957
"3","2","4","1","1","1","1","1",565.36843,596.14109,610.15019,594.48754,589.09829
"1","2","3","3","1","1","1","1",536.78886,573.46819,553.34696,542.51188,547.69495
"3","4","4","2","2","2","1","1",457.55872,453.28696,433.84345,441.77073,437.32205
"1","4","1","4","4","4","4","1",491.46079,491.01603,517.82045,546.71888,498.29301
"2","2","4","2","2","2","1","1",526.51879,536.47583,538.05846,525.45565,550.30789
"2","2","3","2","2","2","2","2",537.87295,519.82292,520.45135,505.06517,502.48889
"2","3","2","2","3","2","3","3",539.87634,569.76112,584.59863,587.50641,562.91141
"2","2","3","3","1","1","2","1",639.13126,643.57022,634.20474,669.85065,651.65424
"2","1","1","4","4","1","1","2",620.90623,604.5191,610.43531,604.25267,646.57853
"1","1","4","1","1","1","1","1",621.27719,541.64184,576.70327,646.83988,669.83103
"2","2","4","2","2","2","3","2",632.03873,645.51058,646.67477,628.32401,668.72975
"2","2","2","2","2","1","2","1",633.33185,651.57207,648.10088,625.81847,646.57853
"1","3","3","3","3","2","3","3",504.66395,468.07591,469.75807,436.76459,443.77505
"3","4","1","4","4","2","4","4",538.22722,525.52355,522.71841,571.19862,547.11329
"3","2","3","3","2","2","3","2",568.1397,687.19924,673.82385,588.04608,599.39146
"2","1","3","2","2","3","2","1",570.39936,654.221,628.25736,581.77604,650.1871
"3","3","2","2","3","2","3","2",644.32186,610.4169,566.25182,635.46013,555.44698
"1","2","3","3","3","2","2","2",481.77998,427.48216,434.94688,481.99559,463.66422
"2","2","3","2","2","1","1","1",488.0797,505.52217,490.52279,475.88084,450.71248
"2","3","3","2","2","2","2","2",619.95832,625.57451,598.61989,597.89271,629.65718
"2","3","1","3","3","3","3","2",535.67944,511.93619,506.26618,545.75971,498.29301
"3","3","2","3","3","2","3","3",619.64761,499.72645,559.19576,593.93246,539.45972
"4","4","4","4","1","1","1","1",536.24743,537.48714,526.39759,561.13891,511.00741
"2","2","4","2","2","2","2","2",556.24686,566.85247,569.36817,552.53844,618.09227
"2","2","3","1","2","1","3","1",588.19745,575.16476,589.7459,592.40806,596.41912
"2","2","4","1","2","1","1","1",567.93931,535.25462,547.44208,565.92192,527.48084
"1","2","2","3","3","1","2","2",540.36525,582.13137,540.29136,524.2987,578.67015
"3","2","2","4","3","2","2","1",547.43132,500.17377,536.57401,549.65426,591.35942
"2","2","3","2","2","2","2","1",634.17819,643.74264,669.14609,619.60796,616.32717
"2","1","4","1","1","1","2","1",589.19227,526.27248,550.05477,517.17407,569.84217
"3","2","3","3","3","3","2","1",508.57272,463.95612,477.32139,457.54254,487.37182
"2","2","4","2","1","1","1","1",543.00523,499.01777,510.3663,579.44602,532.40937
"2","2","4","2","1","1","3","1",555.89717,612.3514,554.63221,564.30709,577.69462
"3","3","1","4","4","2","3","2",571.36915,564.63392,597.29884,563.46565,597.47681
"2","1","4","1","1","1","1","1",580.90402,549.00936,580.61653,561.77651,572.47131
"2","2","3","2","2","1","1","1",552.15907,547.71493,536.96532,538.64874,532.4305
"1","1","4","1","1","2","2","2",558.42032,590.04993,563.02095,522.68295,617.27346
"2","2","3","4","2","1","1","2",505.9247,490.08389,544.43223,554.77998,548.18513
"2","2","4","1","1","2","3","1",632.03873,617.80382,671.08893,641.51371,588.57119
"2","1","4","3","2","1","1","1",600.09293,653.47197,636.34822,610.64516,645.36299
"2","2","3","2","2","1","1","1",571.78234,573.13721,549.36723,585.13872,576.07044
"2","3","2","2","2","2","3","3",521.78606,540.44189,517.15061,537.18982,555.20092
"1","1","3","1","2","2","2","1",509.43382,514.02001,544.17088,515.16747,488.70183
"2","2","4","3","1","1","1","1",512.74754,477.00342,524.70632,525.44344,477.84597
"1","2","3","2","1","1","1","1",434.77672,430.1771,397.36167,396.47476,417.93321
"2","2","3","2","2","2","2","1",539.92743,566.6971,511.31395,624.36192,574.62638
"1","2","3","3","2","1","1","1",427.24128,405.07111,422.34412,401.33249,372.64017
"2","1","4","1","1","1","4","2",653.58042,645.87575,574.36902,633.83863,626.24903
"2","1","4","2","1","3","1","2",664.42235,627.74377,659.9912,677.40759,642.53395
"1","2","2","1","2","1","1","1",443.54504,447.74828,497.5131,453.62776,473.96385
"1","1","2","2","1","1","1","1",400.27165,330.50425,352.20892,373.13452,402.61726
"2","2","3","3","3","2","1","1",454.13844,471.29735,491.54319,482.73244,473.48557
"2","2","3","1","2","1","1","2",626.20217,625.45714,640.78573,628.90331,592.00037
"4","2","3","4","3","3","1","1",561.46047,573.33171,564.79052,571.5713,550.86442
"2","2","3","3","3","2","2","2",518.94691,552.20318,530.76863,558.85457,570.06372
"1","1","3","3","2","2","2","2",659.35978,633.70678,574.36902,616.03528,624.16751
"2","1","4","1","1","1","3","1",607.05183,636.17446,587.52947,540.35173,650.80333
"1","3","3","4","1","1","1","1",602.18079,599.48166,557.36188,614.38289,588.29508
"1","2","2","1","2","2","2","1",559.04693,545.42255,584.64298,544.62092,544.53482
"3","3","3","2","2","2","2","2",653.11664,713.14165,692.54726,672.36152,651.23463
"3","2","3","2","2","2","2","2",602.85962,625.97008,587.63637,590.971,599.7845
"2","2","4","2","2","1","1","1",438.9322,448.13266,488.28443,435.62888,453.80123
"2","2","4","1","2","1","3","1",595.26148,619.90788,550.19275,588.42277,559.97395
"2","2","2","2","2","1","1","2",542.23125,487.67557,579.89,525.44344,533.15648
"2","2","4","1","1","2","3","1",622.6901,587.40582,607.94414,623.97476,763.30914
"3","3","1","4","4","3","4","2",557.05433,589.74792,501.96223,579.25562,503.00973
"2","3","3","4","3","1","2","1",605.43273,602.37911,619.56427,645.22864,590.46091
"2","2","3","2","2","2","1","1",611.88145,625.41257,643.21959,660.76848,627.12948
"1","2","4","1","1","2","1","2",718.06912,723.90785,692.54726,623.88977,680.78443
"2","1","3","1","1","2","3","2",585.11913,526.27248,585.95992,557.02584,555.56073
"4","2","3","3","2","1","2","4",505.83993,517.6475,478.82313,520.57945,531.28347
"2","2","3","2","3","3","3","4",527.19039,530.69069,589.63663,539.57372,559.98287
"2","2","3","2","2","2","1","1",518.29465,552.20318,546.13996,534.97075,564.68923
"2","1","3","4","3","1","1","1",615.19985,565.87639,627.52826,585.53973,563.21276
"2","1","3","2","2","1","1","2",478.73352,474.2215,519.63571,519.45555,491.69837
"2","2","3","2","3","3","3","2",544.34599,564.24574,551.29989,557.38918,564.68923
"2","1","4","1","2","1","1","1",600.09293,608.17103,629.791,610.64516,581.15046
"3","3","2","2","3","3","3","3",644.32186,673.20235,636.7526,627.13154,620.22364
"4","1","4","2","2","2","2","2",623.16976,492.30214,570.54486,580.51152,553.80958
"1","2","3","2","2","2","1","1",578.91711,585.02625,553.32257,581.2846,573.25247
"2","3","2","3","3","2","3","2",568.96131,592.77065,563.12055,581.34167,565.30003
"2","1","4","1","1","1","1","1",659.91311,595.55041,587.07581,656.68199,655.06475
"2","1","4","2","1","1","1","2",559.09192,525.52971,539.10119,556.45763,527.48084
"1","2","3","2","2","1","2","2",516.53877,474.969,471.72026,478.32181,463.66422
"3","2","3","3","2","3","2","3",650.03649,666.66355,602.48006,620.14682,642.83365
"2","2","3","2","2","2","2","2",502.65139,537.32674,532.23127,482.27128,494.20155
"1","2","2","3","3","1","1","1",536.75487,573.46819,545.32823,533.08803,533.37525
"2","1","4","1","1","3","3","1",685.40175,642.83115,659.08707,685.7452,636.18075
"3","2","3","2","2","3","2","3",653.11664,691.57514,774.09463,672.36152,726.28754
"1","1","3","2","2","2","2","2",558.72564,590.04993,581.6714,585.42077,572.13509
"1","1","4","1","1","1","1","1",459.82621,386.21618,510.88653,433.54284,467.69619
"1","3","2","2","2","1","1","1",441.81847,504.45674,454.52987,464.2255,480.65666
"1","2","3","2","2","2","2","1",537.0435,618.50326,579.6554,576.21492,618.09227
"3","3","2","3","3","2","2","3",548.73065,531.97064,519.94192,445.49788,430.08389
"1","3","4","3","1","2","1","2",558.35081,522.22735,542.8205,538.23849,498.39404
"2","2","3","2","2","2","2","1",671.78926,649.90117,617.91611,622.24939,646.8249
"1","2","4","2","1","1","1","1",600.81867,617.92223,576.93622,626.1499,578.01186
"4","4","2","4","4","2","3","2",602.27259,547.54878,573.06947,612.08376,629.12752
"2","2","3","2","2","2","2","2",550.31495,545.18861,544.19053,591.36493,598.04258
"3","2","3","3","3","2","2","2",511.09394,546.07187,565.629,570.63872,542.96757
"1","3","3","3","2","2","1","1",624.82193,604.09242,607.94414,564.96953,593.45469
"2","2","4","2","2","2","1","1",585.28207,628.49548,583.88517,590.27439,588.01753
"2","2","3","1","2","1","1","1",599.24862,608.17103,716.8645,622.31497,657.51747
"2","2","3","3","2","2","3","2",631.76557,651.57207,611.50088,605.51637,671.52577
"2","3","2","3","2","2","3","2",638.94196,588.79976,542.37373,569.83444,585.52767
"2","2","4","2","2","2","2","1",623.9648,666.66006,648.10088,622.97957,613.61597
"2","3","2","4","4","2","3","4",548.07269,574.5027,475.74722,532.36258,558.67297
"4","2","3","3","2","2","1","4",621.44593,639.30451,603.22851,590.24083,634.72027
"3","2","4","3","2","1","2","2",540.30643,570.23124,555.59355,597.04891,533.11699
"1","3","4","3","1","1","1","1",562.18,544.80865,572.4627,565.92192,531.6362
"1","1","4","2","1","1","2","1",645.55738,539.84669,574.43436,554.56577,551.626
"2","1","4","1","2","1","1","1",570.9646,581.92711,553.32257,495.83767,565.49891
"3","4","2","4","2","1","2","2",597.80691,547.54878,588.84167,586.2464,558.71789
"1","2","3","1","1","1","2","1",596.84333,570.85951,549.68785,600.89348,554.45761
"2","3","2","3","3","2","1","1",369.26073,407.87101,427.42955,386.1056,367.34671
"2","2","2","3","3","2","2","2",481.72716,455.61468,490.07438,508.74726,433.74518
"3","2","3","3","3","2","2","2",523.83596,540.9726,558.38444,525.80196,606.99661
"2","2","2","2","2","1","1","2",551.56512,536.28524,544.19053,543.24781,520.58598
"2","2","4","1","1","1","2","1",629.25138,625.45714,671.08893,604.52723,592.00467
"3","2","4","1","1","2","1","1",601.62593,627.55174,626.37687,576.52531,576.70975
"2","3","3","4","3","4","2","1",657.1909,611.22724,616.53136,588.76836,597.36511
"2","2","2","3","4","2","2","2",558.62722,560.41493,562.9196,581.18412,533.11699
"2","3","3","3","2","2","2","2",655.75693,607.50692,667.58179,582.85324,636.88027
"2","2","4","2","2","2","2","1",623.9648,580.71278,625.47851,598.17353,577.61913
"2","3","1","4","3","2","3","2",620.90623,499.72645,559.19576,551.59692,572.63122
"3","1","4","3","2","3","2","1",570.39936,611.28629,619.72972,577.08869,628.91387
"2","2","3","2","2","2","2","2",671.29119,604.82071,638.2779,616.41156,557.68144
"1","2","2","2","3","1","1","2",688.0801,600.5515,573.58137,622.24939,655.06475
"2","2","4","2","1","1","2","1",603.70117,636.17446,619.53967,599.63717,623.16131
"1","3","2","3","2","2","2","2",577.80565,583.15716,546.10693,587.10242,563.52282
"2","2","3","2","2","2","2","2",623.69205,612.07783,640.78573,617.25351,574.86065
"2","1","4","1","1","2","3","1",514.88415,572.40635,495.4332,548.6485,563.94869
"2","3","1","3","4","2","3","3",600.53971,599.48166,609.14491,664.43435,609.09106
"2","2","4","2","1","1","1","1",569.31843,564.97054,597.29884,495.83767,622.77319
"1","2","2","2","3","2","2","2",609.45519,607.19648,599.13035,576.52028,651.25884
"2","3","1","3","3","2","3","1",549.88374,480.28124,514.10609,495.20551,500.73876
"3","2","4","2","1","1","1","1",495.75589,491.01603,479.99077,541.31213,540.94604
"1","2","3","4","2","1","1","1",465.49555,450.05669,477.71764,444.58634,456.12
"2","3","3","4","3","2","2","1",640.55872,611.22724,608.259,626.22934,607.14697
"3","2","4","1","1","1","1","1",442.64028,438.38012,435.13086,417.1046,415.99385
"3","4","1","4","4","4","3","2",465.15909,442.54735,510.88653,468.82119,444.73612
"2","2","3","2","2","2","3","2",595.26148,602.10266,650.65645,605.78651,651.72594
"3","3","4","1","1","1","1","1",598.8284,640.85176,615.52166,635.68829,607.94803
"1","1","4","1","1","1","1","1",392.185,407.87101,434.00941,423.53548,433.91083
"2","1","4","1","1","1","1","1",492.27843,505.91835,493.13352,563.31015,591.35942
"1","2","4","2","2","1","1","1",547.26788,637.86929,579.6554,581.77604,540.5368
"2","1","4","1","2","1","1","2",478.73352,447.74828,394.3157,475.50343,491.05577
"1","2","2","3","3","2","2","2",688.0801,643.38948,697.43729,686.74656,726.19758
"1","2","3","3","2","1","2","1",656.15272,681.6699,647.84138,650.86048,726.28754
"2","2","4","1","1","1","1","1",618.50908,600.19691,550.08687,569.83444,612.49664
"2","2","4","2","1","1","1","2",532.76956,506.35263,519.99646,589.1665,591.35942
"1","1","1","1","2","1","1","1",529.62855,545.73134,530.956,523.21113,614.0804
"4","4","1","4","2","2","4","4",537.75306,528.99853,502.24087,487.36046,517.91284
"2","1","3","2","2","1","1","1",601.02354,653.47197,579.53985,640.78517,651.41997
"1","2","3","2","2","2","2","1",605.72777,625.41257,622.55529,634.61612,637.93672
"3","3","1","4","4","2","4","4",604.78953,542.55385,586.78534,586.01546,558.71789
"1","2","3","1","1","2","1","2",607.92616,537.9931,630.11429,585.53973,563.21276
"1","2","1","4","4","1","1","2",634.2648,655.68837,641.21634,583.52317,647.14625
"1","2","2","3","2","2","1","2",688.0801,683.26429,584.0284,602.30293,624.16751
"1","1","3","2","2","1","1","2",519.47135,536.46084,556.32584,525.80196,512.21854
"1","2","3","2","2","1","1","1",632.48001,657.29693,614.11912,598.88626,616.32717
"2","2","3","3","2","2","2","2",512.84809,574.0067,550.40347,568.87065,570.06372
"1","1","4","1","1","1","1","1",459.82621,456.79738,511.75959,411.53558,483.80161
"1","2","3","2","3","2","2","2",500.2691,506.41908,495.8743,488.49719,568.76705
"2","4","3","3","2","1","3","1",523.92196,540.9726,528.30916,562.44736,553.22648
"1","1","4","1","2","2","1","2",449.66595,458.5187,477.79666,480.83884,461.02339
"2","2","4","2","2","3","2","2",581.219,664.03803,673.82385,632.18192,632.02405
"1","1","3","3","2","2","2","1",605.72777,643.34348,644.64261,639.28633,578.61343
"2","1","4","1","1","1","2","1",542.01275,589.43204,547.85078,540.46772,529.59335
"2","2","3","4","1","1","2","1",558.71994,622.0146,554.63221,581.77604,561.97619
"3","2","3","2","2","2","2","2",602.85962,625.88834,626.37687,606.45952,576.68739
"2","3","3","4","1","1","2","2",619.29151,569.29736,610.02188,520.26897,554.56879
"1","3","2","1","3","1","1","1",514.88242,515.44579,476.81824,480.79522,533.89907
"3","2","3","2","2","2","1","1",434.65063,456.39647,434.055,416.9765,443.9007
"1","2","3","1","1","1","1","1",423.3728,441.83672,440.33935,389.32294,402.61726
"2","2","4","2","1","2","2","2",662.46659,595.55041,581.7461,701.37187,635.71878
"1","2","3","2","2","2","1","1",546.32027,587.87605,574.43878,584.81366,594.04589
"1","4","2","3","3","1","1","1",562.36584,539.62056,547.6276,551.98695,542.87485
"2","2","3","2","2","2","2","2",665.18656,616.8338,607.23006,622.24939,606.94553
"2","2","2","3","3","3","2","3",558.01353,599.64391,554.63221,585.66895,550.30645
"4","4","4","4","4","4","4","3",563.56034,615.43811,604.80608,592.17209,638.10247
"2","2","4","1","1","1","2","1",603.70117,648.16198,619.53967,607.27273,616.35466
"3","4","1","4","4","3","2","2",473.82574,474.9311,490.07438,477.63752,475.25796
"1","2","2","1","2","1","1","1",688.0801,614.60292,678.55368,704.5536,648.7454
"1","2","3","2","2","2","1","1",564.57278,607.87363,621.14184,572.55572,597.88134
"1","4","2","4","2","2","4","2",491.46079,525.85493,551.7272,510.37543,544.40209
"1","3","2","3","2","2","2","2",514.88242,520.08355,495.8743,481.27517,527.47459
"3","3","3","4","3","2","2","2",567.71979,573.33171,564.73423,577.50839,591.05448
"1","1","4","2","1","3","1","2",507.45292,544.3909,554.61729,515.69863,505.23218
"2","2","3","2","2","2","2","2",596.88699,599.04799,652.36027,621.97247,657.51747
"1","3","1","4","4","1","1","1",649.1755,652.48027,614.11912,578.48767,622.3621
"1","2","4","3","1","1","1","1",523.32018,583.32608,550.63931,538.44551,542.87485
"2","1","4","2","2","2","2","1",551.50487,600.44183,565.15301,595.13365,626.88393
"2","3","2","3","3","2","2","2",491.9266,475.52004,500.97764,472.07712,502.52499
"4","4","1","4","4","3","2","2",593.259,546.50235,575.55456,551.87867,550.43589
"2","2","3","3","3","2","2","1",560.77157,512.58161,561.06648,556.84273,559.26007
"3","3","2","2","3","2","3","3",637.23167,619.71533,590.78164,545.57126,619.83481
"3","1","3","3","2","2","2","2",512.80606,572.11543,550.40347,525.83378,565.8821
"2","2","3","2","2","2","2","2",621.83562,604.5191,596.68651,602.38545,634.72027
"2","2","1","4","4","2","3","2",663.93466,615.19782,626.63287,704.5536,606.04159
"4","2","4","2","2","2","2","4",556.24686,598.61545,562.10663,585.42077,617.27346
"2","2","3","3","2","1","2","2",546.046,534.91081,605.43754,564.47963,550.476
"4","2","2","3","2","1","1","1",542.23125,589.43204,601.20829,560.59811,596.77268
"2","2","4","1","1","1","2","1",558.07378,601.70925,585.66163,584.85656,573.59157
"2","3","2","3","3","2","2","2",598.28881,514.64202,562.92752,568.56212,571.21741
"3","2","3","3","2","3","2","2",626.10895,592.31634,625.47851,579.69738,606.19103
"2","2","2","3","3","2","2","2",633.51107,657.29693,594.63388,641.78827,655.58918
"2","3","3","3","2","2","2","2",587.50977,559.70934,562.92351,539.33622,532.57296
"2","1","4","1","2","1","1","1",567.93931,535.25462,564.18746,565.92192,553.56003
"2","3","2","3","3","1","2","2",538.81566,508.6786,498.10535,541.79505,504.18927
"1","1","3","3","2","1","1","1",465.49555,433.85377,468.48815,456.72388,483.80161
"2","2","4","3","2","2","2","2",639.8914,660.30888,667.58179,677.40759,650.10474
"2","2","3","2","2","2","2","2",517.69735,494.63098,524.70632,541.4277,507.14109
"3","2","2","3","3","2","2","1",547.43132,574.83922,508.41327,547.85879,561.92808
"2","3","3","3","2","2","2","1",538.30487,579.92319,574.43878,528.06814,552.65312
"3","2","3","1","2","3","3","1",662.3584,638.68425,626.63287,643.24134,592.00037
"2","2","3","2","2","2","2","1",560.15635,509.4988,550.05477,544.0017,540.30468
"3","3","2","4","2","3","2","2",619.35919,610.93929,547.7236,583.95056,588.57909
"3","4","1","3","3","3","3","3",563.10583,607.39991,609.66093,566.28844,587.68674
"2","3","3","2","2","2","1","1",667.52336,589.72234,638.2779,677.342,617.44814
"1","3","1","3","3","2","4","4",446.46357,487.83114,431.26801,490.86478,494.40556
"2","3","2","3","3","2","3","2",568.96131,571.15516,604.11916,604.13884,557.77621
"2","1","4","1","1","1","2","1",528.01169,502.22935,515.6639,515.09152,518.03643
"4","4","1","4","4","3","4","1",543.00971,508.30388,510.3663,561.98446,530.15932
"2","2","4","2","1","2","3","2",625.6295,580.71278,573.90559,563.85979,552.94646
"1","2","2","4","4","2","3","3",455.48215,486.08415,415.00891,366.99319,408.73517
"2","2","3","2","2","2","2","2",569.66619,559.82363,550.24141,563.5181,559.36008
"2","2","3","4","3","2","2","1",640.55872,601.45909,542.37373,607.60231,657.47306
"2","2","3","2","2","2","1","1",590.55083,566.46779,588.88129,542.68545,539.13663
"2","2","4","2","2","1","1","1",474.27679,433.85377,409.17843,425.27173,458.34748
"2","2","3","3","2","2","2","2",512.84809,581.53216,550.63931,535.7622,519.14469
"1","2","3","3","2","1","1","1",427.24128,441.83672,397.36167,356.67226,348.24608
"2","2","1","4","3","3","1","1",620.90623,612.07783,604.55348,602.38545,630.0055
"3","2","3","3","3","2","2","2",582.98486,559.70934,597.32631,611.12644,505.02859
"4","3","2","3","3","3","3","3",577.54939,588.21278,554.87586,550.4685,594.4655
"1","2","3","2","2","1","1","2",436.83538,441.83672,402.48157,413.61495,434.82502
"2","3","2","2","3","2","4","1",651.91725,597.24462,608.02687,607.60231,622.3621
"4","4","1","4","4","2","4","4",476.82945,461.65603,489.06447,482.46188,433.74518
"2","1","3","2","2","1","2","1",652.81875,620.29266,618.54942,588.76836,599.54757
"2","3","2","3","3","2","3","2",594.76442,580.30243,563.58944,602.52452,566.95641
"2","2","4","1","1","2","3","1",588.19745,559.70934,559.759,556.931,546.06145
"3","2","2","3","2","2","2","2",536.55102,547.79555,559.46071,499.2531,558.52178
"4","4","2","4","3","4","3","3",456.71899,451.41355,489.06447,520.35087,501.06626
"2","2","3","3","2","2","2","2",512.84809,528.57555,552.43162,543.86765,527.48084
"2","1","3","3","3","1","1","2",511.09394,528.57555,552.43162,464.17747,532.18587
"3","2","1","2","4","2","1","1",488.4931,490.40008,476.74642,520.57945,500.01062
"2","3","3","3","3","2","2","2",551.99491,570.91999,584.59863,561.18623,553.99256
"2","2","3","3","3","2","2","1",560.77157,541.90114,532.58615,582.54758,523.19307
"4","1","4","2","1","2","2","1",608.43095,617.02624,550.19275,588.42277,565.20371
"3","2","4","1","1","2","1","1",619.83477,587.40582,525.57475,583.95056,625.8523
"2","2","2","3","3","2","2","2",568.73792,539.62056,569.05156,570.3463,574.96681
"4","4","4","1","2","2","2","1",524.29028,517.36397,497.18775,535.4861,488.84593
"2","2","3","2","2","2","1","1",499.82242,434.70283,482.66684,473.64443,433.74518
"1","2","4","2","1","1","1","1",573.63735,560.98918,525.71438,539.96817,549.31164
"1","2","2","3","2","2","4","2",536.97002,618.50326,574.41388,528.06814,574.19949
"3","2","3","3","3","2","3","1",575.88571,570.03284,549.36723,585.13872,613.03851
"1","1","3","2","2","1","1","1",481.97701,483.36302,473.42932,431.67367,517.5959
"2","3","2","3","3","3","2","2",587.0523,611.86249,536.48933,585.66895,552.49424
"2","2","3","3","2","1","1","1",671.87485,604.19275,666.32494,606.91996,640.80464
"4","4","4","4","4","3","4","1",399.20456,384.81927,352.20892,450.4407,444.56514
"2","2","4","2","1","2","2","2",582.53828,544.65338,616.01309,595.90591,584.91924
"2","2","4","1","1","1","1","1",442.64028,433.43982,417.35263,404.12151,478.78642
"2","1","3","1","2","1","1","2",541.8665,534.91081,542.89911,490.03802,502.48889
"2","1","4","1","1","1","1","1",582.41208,597.60373,578.99431,557.52159,565.30003
"2","3","3","3","2","2","3","2",561.28257,512.58161,532.28179,518.57203,530.19358
"2","1","4","2","1","1","2","1",633.06073,588.26546,605.40482,594.37063,695.60805
"3","4","1","4","3","3","2","4",734.24688,629.95493,664.12743,629.40388,657.62783
"2","1","3","1","2","1","2","1",490.67785,408.15094,482.66684,470.49401,472.09526
"4","4","1","4","4","3","4","3",543.00971,525.82012,597.04325,592.56941,571.21741
"1","3","2","3","3","1","1","1",470.28792,513.14898,506.84589,543.05167,507.14109
"2","1","2","2","2","1","2","1",550.06754,511.2613,490.02417,549.65426,559.26007
"2","2","3","2","2","2","1","2",546.31549,516.68651,540.10543,556.87752,551.85257
"2","1","4","1","1","2","1","2",452.17098,487.01423,450.7835,435.5205,455.92748
"2","1","3","4","3","1","2","1",605.43273,653.47197,642.51445,541.79177,578.61343
"1","1","4","2","1","1","1","1",582.16915,558.6207,509.3031,546.19121,502.6929
"2","2","2","2","3","3","1","2",350.57224,344.86333,427.89103,391.88492,408.73517
"1","3","2","3","4","1","1","1",514.88242,530.76514,504.23032,539.97289,492.64077
"2","2","2","3","2","2","2","2",594.70417,550.97088,575.55456,574.1064,572.47131
"2","2","2","2","3","2","2","2",656.014,642.31389,594.63388,624.09023,579.04134
"2","2","3","1","1","2","1","1",562.79135,567.54688,577.27011,616.28213,616.32347
"2","1","1","1","3","2","3","1",548.17823,574.5027,564.19456,550.78576,593.63849
"3","3","2","2","2","3","3","2",661.42322,636.58574,575.34487,633.29731,655.06475
"2","2","3","2","2","2","2","2",557.70465,566.85247,564.73423,611.25258,618.09227
"1","3","2","3","3","1","1","2",577.80565,591.36336,563.12055,603.08514,586.03785
"2","2","3","2","2","2","1","2",664.42235,618.58942,574.09573,624.26318,655.06475
"1","1","3","4","3","2","1","4",495.0501,490.08389,490.27399,555.69789,523.71524
"1","2","2","3","3","2","1","2",540.0523,582.13137,524.85706,550.28632,516.09748
"2","2","4","2","2","2","2","1",551.50487,565.52364,532.90214,600.35524,550.48933
"2","1","4","2","1","1","2","1",545.30417,534.91081,527.42416,527.22454,545.0215
"2","1","4","1","1","1","2","2",499.31295,543.04071,487.07101,485.83483,570.94745
"2","2","3","3","2","2","2","2",535.68351,526.08219,544.39158,543.86765,524.04962
"2","1","3","3","2","1","2","2",545.43058,589.43204,595.01819,574.89683,601.0944
"1","2","3","3","2","1","2","1",613.9225,598.73417,557.36188,577.14976,590.69395
"3","1","3","1","2","3","3","1",610.73427,659.39657,545.80082,546.50385,651.97538
"2","3","2","3","3","2","3","2",547.91668,537.25454,527.49537,503.14643,502.13369
"2","1","4","2","1","2","1","1",619.83477,567.02089,616.2019,585.53973,695.60805
"1","1","4","1","1","1","1","2",585.16065,577.2531,613.35616,669.38158,637.93672
"1","2","3","2","1","1","1","1",626.77139,647.56883,642.47628,613.61504,592.00467
"4","3","2","3","2","3","2","2",599.26898,667.15822,626.47154,617.24715,526.852
"2","3","3","3","2","2","2","2",587.50977,559.70934,574.59425,539.33622,539.13663
"2","1","3","2","2","1","1","1",490.67785,505.09836,491.70977,485.83483,531.28347
"2","1","4","2","2","2","1","1",526.51879,563.10566,511.31395,511.25865,506.14843
"2","2","4","1","2","1","1","2",613.8769,608.17103,629.791,603.98078,554.36365
"1","2","4","1","1","1","1","1",455.22273,454.8753,433.84345,425.27173,455.92748
"3","3","2","3","3","2","2","2",619.64761,569.29736,600.60739,628.51482,646.38693
"3","3","2","2","3","2","4","2",571.95668,548.36107,575.01293,541.06713,594.4655
"2","2","4","2","1","2","1","2",503.17247,529.89082,508.95892,505.06517,553.28125
"2","2","3","2","2","2","2","1",634.17819,619.71533,634.20474,603.98078,561.11184
"3","4","3","4","2","2","3","2",541.55915,525.82012,519.79931,543.80945,532.61984
"2","2","2","3","3","1","1","2",439.37053,455.04689,452.90435,404.12151,424.88715
"1","2","3","2","2","2","1","1",578.91711,580.03697,593.55679,546.40449,597.88134
"2","2","2","2","3","2","1","1",601.0733,592.75268,501.96223,571.40164,600.20995
"2","4","2","4","4","1","4","3",477.16693,450.05669,499.62417,522.86677,538.80759
"2","1","4","1","1","1","1","1",649.02813,640.72936,662.178,636.38748,634.21676
"1","2","3","3","2","2","2","1",637.60782,523.89958,607.79875,575.88134,553.56003
"2","2","3","3","3","2","2","2",499.06615,559.96617,522.78447,504.49757,521.9324
"3","4","1","4","4","3","3","3",557.05433,576.25925,580.46291,543.85462,606.99661
"2","1","3","1","2","2","2","1",671.78926,577.39142,587.24887,596.97029,624.16751
"1","2","3","2","2","2","2","1",605.72777,589.9725,627.52826,654.09229,550.69785
"1","3","2","3","3","1","1","1",437.28613,445.04923,471.77129,459.59061,480.02217
"2","2","1","2","3","2","2","2",649.23544,594.1309,619.50222,656.68199,640.05302
"2","2","3","2","2","2","2","1",542.96198,548.86447,594.66135,588.54481,567.33078
"1","3","2","3","4","2","4","4",446.46357,455.67537,415.00891,527.37665,494.40556
"4","3","2","3","3","3","1","2",439.37053,477.54512,500.60568,458.47307,473.96385
"2","2","3","3","2","1","1","2",497.38853,490.08389,479.53762,485.83483,458.03557
"4","4","1","4","4","4","3","3",485.87693,511.65328,478.82313,521.29187,481.8244
"2","2","4","2","1","1","4","4",626.03537,672.96133,658.74927,672.14823,650.10474
"1","4","1","1","3","3","3","2",493.10991,448.22877,493.61897,448.19936,443.77505
"3","1","4","1","1","2","3","2",653.58042,645.87575,636.31931,627.13154,645.52372
"2","2","3","4","1","1","2","1",612.00022,597.79844,578.0412,580.49232,534.8904
"1","3","3","2","2","2","1","1",427.53469,420.60171,397.36167,422.26059,412.63062
"2","2","4","3","2","2","2","3",582.53828,638.36631,564.96564,605.20362,602.97889
"2","2","4","1","2","1","2","1",612.77949,676.06611,614.61414,632.39705,619.00441
"3","4","2","4","4","2","2","2",618.71772,653.63217,600.60667,590.971,655.50487
"4","4","1","4","3","4","4","4",537.75306,525.10888,496.00128,521.13719,563.77719
"2","1","4","1","1","1","1","1",704.57194,679.17993,669.42194,703.89865,708.28798
"1","1","4","1","1","1","1","1",656.48541,637.12292,659.9912,601.23198,612.13775
"3","4","4","3","3","3","2","1",581.68624,624.72186,605.3791,605.20362,579.93646
"2","2","3","2","2","2","1","1",434.65063,448.13266,411.63224,417.1046,448.92451
"1","2","3","2","2","1","2","1",596.84333,566.69967,549.68785,612.08376,587.006
"1","2","3","2","3","1","2","2",424.46645,457.6261,397.36167,447.80399,453.37147
"1","2","4","2","2","2","1","1",547.46145,500.17377,536.57401,512.08346,492.48445
"1","1","3","4","3","1","1","1",570.94038,485.92796,495.25427,534.71641,520.58516
"4","4","4","4","4","4","4","4",535.31153,562.61295,538.68087,530.29398,533.37525
"1","1","4","1","1","2","1","1",568.13756,516.62428,542.19151,544.0017,504.18927
"1","1","3","2","2","1","1","1",442.84973,501.52715,488.28443,475.88084,447.10535
"4","3","1","2","4","3","4","4",538.22722,523.63926,502.80113,500.43982,517.91284
"2","2","4","2","1","1","3","2",632.03873,657.29693,667.58179,619.60796,629.89494
"1","2","4","2","3","2","1","2",504.66395,525.79332,491.1987,477.07054,454.90066
"4","4","2","4","3","2","4","3",582.91229,515.87247,542.24779,556.45763,569.73571
"1","2","3","3","2","1","2","1",535.92838,526.08219,531.11044,579.44602,530.74047
"3","1","3","3","2","3","2","1",611.66498,652.89648,590.60641,575.129,637.84359
"2","2","3","3","3","1","2","1",452.48444,455.67537,495.70679,482.73244,497.24979
"1","2","2","1","3","2","3","2",609.45519,659.39657,587.52947,594.46301,594.98603
"1","2","3","2","2","2","1","1",564.57278,569.08674,564.79052,522.93051,543.476
"2","2","4","2","2","2","2","2",531.90561,600.97357,527.58427,535.7622,529.59335
"2","3","2","3","2","2","1","2",551.56512,594.7146,607.14661,592.80846,620.18969
"3","3","3","3","3","3","3","1",568.69731,582.3538,553.32257,549.39336,607.65089
"4","4","2","4","3","2","3","1",525.75743,524.23066,480.00065,471.78665,508.32904
"3","4","4","3","3","2","3","2",513.8361,553.94781,511.75455,509.97996,516.91126
"1","2","4","2","2","1","1","1",468.73304,504.45674,543.0517,543.05167,540.30468
"2","2","3","2","2","2","2","2",604.49062,625.88834,612.14983,659.16504,613.11431
"2","2","2","2","2","2","2","2",521.78606,519.85239,534.56881,542.26422,513.08206
"2","3","3","3","2","3","2","3",587.50977,588.21278,575.23631,577.08869,528.58643
"2","2","4","3","2","2","2","1",551.50487,521.22148,536.57401,538.94485,545.8479
"1","1","4","2","2","1","1","1",530.21761,515.37113,483.0743,490.69563,524.83714
"1","3","1","2","3","1","1","1",634.2648,612.39926,594.56083,604.7672,630.0055
"2","2","3","2","2","2","2","2",684.20562,606.12089,573.58137,623.34363,601.86674
"1","1","4","3","2","2","1","1",562.18,555.01406,539.73646,565.92192,553.22648
"1","1","4","1","2","2","1","2",566.29914,588.91745,590.11149,593.43456,567.14811
"1","2","4","3","1","1","2","2",424.32264,457.6261,456.50121,444.58634,372.64017
"2","1","3","1","2","1","1","1",601.02354,676.06611,606.18805,653.03972,641.71237
"4","3","3","3","2","3","3","4",662.3584,609.03682,582.02968,648.66963,648.41348
"3","4","4","3","1","1","1","1",541.55915,575.12522,581.8953,540.22189,558.30126
"2","1","1","4","4","1","4","1",472.31248,487.55942,496.67266,477.63752,522.81869
"1","2","4","2","2","1","1","1",547.09334,533.33675,531.11044,573.57873,529.2841
"1","3","4","2","1","1","1","1",573.63735,564.97054,548.04545,539.96817,547.14939
"3","3","3","3","2","2","2","2",496.64905,511.99411,477.69027,541.31213,540.94604
"2","2","3","2","2","2","2","2",640.6439,643.57022,584.75802,568.53512,559.06735
"2","1","4","1","1","1","1","1",526.12534,516.42105,475.28028,494.77412,485.22208
"1","2","3","1","1","1","1","1",528.36474,495.49667,495.8743,555.69789,558.80836
"2","2","4","2","1","1","1","1",681.07631,642.83115,635.89878,610.96653,631.85615
"2","1","4","1","1","1","1","1",588.90975,582.16402,632.2729,600.69118,596.77268
"3","2","4","2","2","1","2","1",595.70093,518.29405,551.65065,544.0017,572.63122
"2","1","4","1","1","1","1","1",592.2599,578.13204,575.72043,576.56236,537.94571
"2","3","4","3","2","2","2","2",556.24686,522.22735,515.79272,517.21564,552.19341
"2","2","3","2","2","2","2","2",555.36154,532.69164,519.25727,556.45763,530.74047
"3","4","2","4","3","1","2","2",625.12298,580.71278,570.54486,557.90464,548.98609
"2","3","3","4","4","4","2","2",642.12215,625.7037,641.17344,594.93145,613.86347
"1","2","3","2","2","2","1","1",564.57278,500.49961,513.46217,544.0017,504.18927
"2","2","3","3","2","2","2","1",526.67918,474.34535,511.0951,448.48747,491.60657
"2","2","3","2","2","2","1","1",639.06429,588.20672,619.50222,576.52531,621.08163
"2","2","4","2","1","1","2","1",629.25138,590.53299,672.98712,622.31497,673.7952
"1","3","3","2","2","1","1","1",548.4632,568.72516,587.10688,540.84758,597.53958
"2","1","4","2","1","2","1","1",656.82544,621.73877,627.12008,704.06863,593.97563
"2","1","4","2","2","2","3","2",514.88415,521.45521,569.59896,475.91184,524.50513
"2","2","4","1","1","1","2","1",603.70117,583.28881,573.7,542.39908,650.80333
"1","1","3","1","1","1","1","1",481.97701,502.85916,536.66991,505.00307,486.39085
"2","1","4","4","2","3","2","1",577.40151,566.51102,582.76599,539.96817,546.06145
"1","1","3","3","2","2","2","2",468.04231,459.62079,418.19965,450.26241,428.54526
"4","3","2","3","3","2","3","3",590.40937,638.36631,606.18805,610.48022,651.25884
"3","4","2","4","3","2","3","2",525.75743,518.60551,503.13718,548.85234,483.84531
"3","2","4","2","2","2","2","2",585.53507,554.49906,597.32631,517.38192,622.77319
"2","1","4","1","1","1","1","1",649.02813,628.84073,651.25314,630.38142,634.21676
"1","2","3","1","1","1","1","1",528.36474,563.10566,532.90214,509.2582,520.40013
"2","2","3","3","2","2","2","2",605.12853,633.03107,604.39965,583.67477,580.11544
"3","2","3","2","2","3","2","2",607.90123,586.54167,652.09254,589.0967,605.05888
"2","2","3","3","3","2","2","2",499.06615,498.80489,497.93548,526.15432,517.75981
"2","2","4","2","2","2","2","1",612.77949,582.58557,668.86961,623.8985,627.24949
"2","1","4","1","1","1","2","1",542.01275,544.10994,527.42416,512.13067,611.6724
"2","2","3","3","3","2","2","2",452.44475,487.83114,519.63571,440.07656,429.79957
"1","2","4","2","2","1","1","1",547.26788,631.09882,548.31267,585.76482,523.41174
"2","2","4","2","1","1","1","1",599.98485,627.55174,564.64503,677.04086,634.98859
"2","2","3","2","2","2","2","2",546.40851,589.27143,557.48196,585.42077,572.13509
"2","2","3","2","2","2","1","1",639.06429,523.89958,619.50222,640.65862,583.68677
"1","3","3","4","1","1","1","1",626.46902,615.12223,602.5811,629.67906,643.49799
"1","2","2","2","3","1","1","2",559.04693,525.52971,530.09097,593.93246,538.49404
"1","3","4","4","4","1","2","2",504.66395,448.81894,483.43401,491.67533,488.04959
"2","3","1","3","4","3","4","4",533.8341,523.63926,477.32139,471.78665,496.48934
"4","4","2","4","4","2","3","2",625.12298,672.96133,625.1512,672.14823,641.3063
"3","2","4","1","1","1","1","1",604.06267,617.92223,576.93622,590.24083,556.61503
"1","1","2","3","4","1","1","1",446.5798,471.41329,461.85911,447.80071,443.9007
"2","2","4","1","2","1","4","1",595.26148,546.28762,530.50327,602.52452,643.9778
"3","1","4","1","1","1","1","1",619.36397,562.89525,563.83402,576.56236,547.69639
"2","2","3","3","2","1","2","1",610.65865,603.18647,637.15646,628.90331,641.32877
"2","2","4","2","2","2","2","2",556.24686,612.3514,585.66163,572.55572,626.88393
"4","4","1","4","4","2","4","4",538.22722,491.8084,496.00128,526.15432,533.15648
"1","1","4","2","1","1","1","2",592.87725,621.34998,622.55529,606.45952,576.68739
"4","2","3","3","2","1","2","1",610.65865,598.73417,558.87535,594.89758,634.0186
"2","2","3","3","2","2","2","1",658.11286,629.10639,687.79027,648.09434,645.70937
"2","1","3","1","2","1","1","1",601.02354,668.08747,636.34822,601.53775,625.79301
"1","2","3","4","4","2","3","2",447.63558,436.38297,444.07707,461.64771,469.1459
"2","1","4","1","1","1","1","1",619.36397,656.58774,614.61414,598.88626,680.88577
"1","3","2","3","3","2","3","3",514.88242,546.11366,549.22544,580.95513,583.28563
"2","2","3","2","2","2","3","2",636.5902,602.99331,606.57812,623.97476,628.45662
"2","2","1","4","4","2","3","2",493.13322,468.07591,508.2579,468.82119,501.8866
"2","2","3","3","3","3","2","2",551.98666,545.97503,563.49251,561.18623,559.25761
"2","1","4","2","1","1","1","1",545.30417,499.01777,514.23337,512.13067,448.07329
"2","2","2","2","3","2","3","1",651.91725,609.28041,609.9942,615.22289,645.07754
"3","2","3","3","2","4","2","4",619.18129,612.07783,594.27962,625.70629,589.64242
"1","1","3","2","2","2","2","2",618.10311,570.94803,637.65879,583.56761,618.9003
"2","2","3","3","2","2","2","2",498.25736,516.14317,548.23365,522.5372,488.89014
"1","3","2","3","2","2","2","1",539.80357,566.6971,532.90214,597.519,550.48933
"3","3","3","3","3","3","3","1",491.51798,491.01603,500.97764,487.36046,511.47143
"2","1","1","4","4","1","4","2",492.98432,486.01987,489.97879,472.62419,454.90066
"2","1","4","1","1","1","1","1",649.02813,616.16055,686.71564,678.66133,651.20458
"1","3","2","3","3","1","1","1",593.78832,576.02398,563.58944,547.74743,558.31275
"4","2","3","2","1","3","1","2",452.17098,512.27158,528.17591,522.57589,447.10535
"4","4","1","3","3","2","3","3",472.3308,462.97069,500.60568,472.52545,477.91736
"2","2","2","3","2","1","3","2",481.72716,427.48216,468.48815,501.91188,488.04959
"2","2","4","2","2","2","1","1",585.28207,586.40704,618.08434,608.89824,596.77268
"2","1","4","2","1","1","1","1",594.35611,605.17756,652.36027,595.34242,651.61957
"1","4","4","3","1","1","1","1",558.35081,513.91989,570.56462,574.00704,519.02755
"2","2","2","3","2","2","3","2",459.06627,423.99156,455.00822,461.96025,485.14013
"2","1","4","1","1","1","1","1",492.27843,505.91835,522.6541,536.72424,488.84593
"1","1","4","1","1","1","2","1",519.16633,525.53772,483.0743,468.57619,450.71248
"2","1","4","1","1","2","1","2",525.74634,540.61729,554.61729,484.44149,575.38744
"2","1","4","2","1","1","1","1",633.06073,637.27029,662.178,625.81847,615.64447
"3","3","2","4","3","3","4","2",599.25015,610.93929,583.37162,594.89758,634.0186
"3","4","2","3","3","2","4","3",598.05768,586.67065,583.05913,568.52096,561.71649
"3","3","2","2","3","2","3","2",661.42322,673.05365,636.78789,610.96653,618.3731
"2","3","1","3","4","2","3","3",549.88374,523.88736,490.02417,549.65426,547.11329
"2","1","3","1","2","1","1","2",541.8665,589.43204,579.6554,584.81366,554.6289
"2","1","4","1","1","1","1","1",664.62885,588.54088,634.72271,677.342,624.82097
"2","1","4","1","1","1","3","2",590.37395,548.88213,606.15698,655.65374,584.91924
"2","2","3","3","3","2","2","2",518.94691,489.98603,534.43073,563.08763,530.15932
"4","3","2","3","3","3","3","2",534.23539,562.61295,536.27078,556.18553,504.09634
"3","2","3","2","2","4","3","3",685.40175,606.12089,637.35947,664.04022,624.82097
"1","1","4","1","1","1","2","2",558.42032,575.30719,569.36817,587.95976,560.31601
"1","1","3","4","3","2","2","2",500.2691,475.52004,482.79206,456.72388,487.37182
"2","1","3","2","2","2","2","1",539.92743,566.6971,511.31395,624.36192,599.31812
"1","2","2","3","3","1","1","1",536.97002,573.46819,508.41327,511.25865,516.09748
"2","1","4","1","1","1","1","1",573.45691,560.98918,495.09653,539.96817,522.60094
"2","3","2","3","3","2","3","2",621.09411,565.99253,582.5708,573.51704,572.75071
"2","1","3","1","2","2","2","1",633.64114,639.84395,639.29624,589.15428,576.02203
"2","1","4","1","1","1","1","1",526.12534,528.48621,526.39759,512.13067,538.1051
"2","1","3","2","2","1","2","1",616.75758,565.87639,582.51462,586.01546,555.89008
"3","2","3","3","2","2","2","2",626.10895,578.97709,607.84938,623.8985,606.94553
"2","2","3","2","2","3","1","1",746.72837,679.17993,652.16539,623.88977,695.3906
"2","2","3","2","1","1","1","2",525.07087,528.48621,556.32584,521.3084,504.18209
"1","2","3","3","2","1","1","2",465.49555,501.52715,431.26801,478.6985,487.77553
"2","1","4","1","1","1","3","1",551.15467,600.44183,605.64549,595.99767,592.47813
"2","2","3","3","2","1","3","1",569.18002,544.80865,606.15698,594.84596,557.77621
"2","2","4","1","1","2","2","1",537.00951,576.99781,557.48196,597.04891,616.32347
"2","1","4","1","1","1","2","1",704.57194,692.35139,774.09463,692.90103,708.28798
"2","2","3","2","2","1","1","2",636.72617,618.22466,631.89106,611.4827,621.08163
"3","3","3","3","3","3","2","2",494.37861,437.45589,482.66684,492.8252,465.91827
"1","1","4","1","1","1","1","1",622.49104,600.19691,570.54486,636.92459,574.69613
"1","2","4","1","1","1","1","1",514.80782,537.76698,505.17417,589.1665,546.65327
"1","2","3","2","1","1","1","2",631.16481,628.55463,559.58038,582.67311,599.7845
"2","2","3","2","2","2","2","2",710.61804,676.95429,652.16539,736.92078,680.78443
"1","2","3","3","3","2","2","2",424.46645,400.82388,409.28544,422.26059,407.77195
"2","2","3","3","2","2","2","2",493.96968,529.55759,487.66584,563.31015,550.70185
"2","1","4","1","1","1","1","1",582.41208,592.32055,555.80335,592.63459,571.27495
"2","3","3","3","2","2","2","2",655.75693,632.5633,640.78573,638.34389,615.40087
"3","2","3","3","2","2","2","1",595.19614,657.11465,659.82966,652.7355,657.894
"1","2","3","2","2","1","1","1",474.65742,501.52715,495.70679,470.18383,481.64665
"2","1","4","1","1","2","3","2",624.26971,641.50088,592.80072,644.531,588.57119
"2","3","2","3","3","2","2","1",538.81566,525.52355,520.45135,529.08016,530.19358
"1","1","3","1","1","1","1","1",558.21006,508.29659,579.8756,550.69554,555.56073
"1","3","1","3","4","2","2","2",649.1755,609.28041,613.71073,637.67334,579.04134
"2","2","3","2","1","1","2","2",499.31295,547.60321,529.59091,467.48174,508.9903
"1","2","4","1","1","2","2","4",499.12619,529.89082,538.17267,471.55232,550.65734
"2","2","4","1","1","1","1","1",442.64028,461.13539,451.12346,406.36367,478.78642
"2","2","1","2","3","2","2","2",546.58681,564.24574,484.38249,543.5778,558.67297
"1","3","3","2","2","2","1","1",578.91711,634.29079,591.67753,564.06147,572.01047
"4","3","2","3","2","3","2","2",696.23422,623.92179,645.23744,751.62421,694.6918
"2","2","4","1","1","1","1","2",586.18815,602.05419,578.99431,592.51337,586.37776
"1","2","4","1","1","1","1","2",455.22273,441.24173,410.49557,481.99559,468.26904
"1","2","4","1","1","1","2","1",550.61762,524.07159,543.00859,534.93955,524.7755
"1","3","1","3","3","1","1","1",649.1755,602.65956,578.74922,615.22289,545.53783
"2","2","3","3","2","2","1","1",614.54423,526.66887,551.65065,526.7095,557.63128
"1","4","1","2","3","4","3","2",447.52771,433.07691,411.48387,456.69935,472.47845
"2","1","4","1","1","1","3","1",624.26971,641.50088,636.31931,541.79177,680.88577
"2","2","4","2","1","2","2","1",558.4938,587.18801,571.49529,595.99767,594.04589
"4","4","3","4","1","2","3","1",524.29028,526.19135,527.42416,509.97996,544.40209
"1","2","3","2","2","2","1","1",647.38756,610.4169,599.53205,615.22289,596.92591
"2","3","3","3","2","2","2","2",529.15928,515.37113,516.00088,548.54114,541.90639
"2","3","3","4","1","1","2","1",489.89563,502.88781,505.96707,482.27128,538.80759
"1","1","4","1","1","1","1","1",580.42986,597.60373,610.15081,656.88737,618.68122
"2","2","3","4","2","1","1","1",671.87485,590.93801,587.24887,701.37187,624.16751
"2","2","3","2","2","2","1","1",656.59278,661.04354,687.79027,659.43324,616.32717
"2","2","1","4","4","2","4","4",538.22722,553.69047,576.22975,589.31286,542.96757
"3","3","2","3","2","3","2","3",564.27265,589.74792,501.96223,550.4685,522.60094
"1","3","2","2","3","1","1","1",569.77346,654.221,627.89147,556.12251,587.24836
"2","2","3","2","2","2","2","2",400.83201,383.80241,403.55208,432.99238,439.79088
"2","2","3","2","3","2","2","2",561.29132,572.92577,612.44143,533.55473,592.92277
"2","1","3","3","2","2","2","2",615.04057,627.63882,591.44417,587.7863,534.8904
"3","4","1","4","3","4","3","3",465.15909,450.38777,433.84345,366.99319,348.24608
"1","3","3","3","2","1","1","1",595.40508,550.97088,539.73646,557.10733,564.46625
"2","1","3","2","2","1","1","1",616.75758,565.87639,568.13395,554.56577,541.21375
"3","2","4","2","2","2","2","3",543.92159,551.6316,538.68087,496.77046,532.00627
"3","4","4","2","2","3","2","2",536.24743,525.10888,496.00128,526.15432,530.19358
"2","2","3","2","2","2","3","3",707.20031,692.35139,596.71008,679.04592,620.22364
"3","2","3","3","3","2","1","1",543.99487,564.24574,511.31395,520.88142,573.8525
"2","1","4","2","2","2","2","2",574.93434,575.94614,569.36817,569.62166,559.97395
"3","2","2","3","2","2","2","2",525.80913,511.40353,519.99646,484.04972,512.1213
"2","1","4","1","1","1","1","1",654.01885,595.55041,627.64298,664.04022,593.97563
"2","1","1","1","3","2","1","2",535.44221,537.48714,544.19053,529.08016,614.0804
"2","4","1","1","3","2","3","1",600.53971,599.48166,649.68205,584.14393,666.81469
"2","1","4","1","2","1","1","1",600.09293,595.81895,610.37594,675.89899,626.98025
"1","2","4","2","2","1","1","1",518.0045,474.969,493.41802,491.94753,487.54926
"3","1","3","3","2","3","1","1",746.72837,623.92179,637.35947,656.27389,646.8249
"1","1","4","1","1","1","1","1",580.29196,590.91644,563.12055,591.24166,590.78226
"2","1","2","2","2","1","2","2",457.20048,455.67537,472.42848,448.48747,430.69951
"4","4","2","4","3","4","4","4",599.25015,623.82855,610.4457,664.43435,638.10247
"1","2","2","3","2","2","4","2",559.04693,560.41493,524.55456,566.19155,564.70113
"2","3","2","3","3","2","3","2",594.76442,580.30243,604.67263,589.69191,638.09098
"2","2","4","2","2","2","2","2",444.82737,469.86121,488.28443,435.62888,430.69951
"1","2","4","3","1","1","1","1",719.0384,655.17439,626.62896,717.12058,648.3661
"1","2","4","2","1","2","1","2",546.51201,589.27143,553.34696,593.43456,579.47182
"1","3","4","2","2","2","3","4",499.12619,486.01987,493.62052,526.42837,478.04485
"1","3","3","3","2","1","1","1",516.92398,494.63098,487.7215,529.02546,460.73835
"3","3","2","3","3","3","3","3",534.23539,511.93619,506.26618,516.98563,535.79167
"3","4","1","4","4","1","4","4",604.78953,613.18547,547.7236,587.46771,534.8904
"1","2","3","2","1","2","2","2",573.60845,552.74755,576.70008,588.4162,580.49679
"2","2","3","2","2","1","2","1",631.48936,599.42744,578.20408,580.49232,588.9109
"1","1","1","1","2","1","1","1",584.28256,598.83573,571.09288,590.13973,588.01753
"2","1","4","1","1","1","1","2",478.73352,441.24173,504.64159,491.41144,484.35661
"2","2","3","3","2","1","2","1",619.40865,492.30214,589.2621,636.95866,577.15367
"2","2","1","3","3","2","2","3",611.5628,607.19648,637.86303,592.36834,627.12948
"4","2","4","2","2","2","1","2",546.31549,551.6316,559.14452,437.61044,562.91141
"2","2","3","2","2","2","2","2",566.67224,535.25462,519.25727,616.28213,525.73554
"2","2","3","3","2","1","2","2",535.25098,526.08219,571.77084,543.28917,553.56003
"2","2","1","4","4","2","3","2",550.80356,514.83077,542.85301,547.07586,532.40937
"2","3","2","3","2","2","3","3",660.01448,576.50067,614.81952,619.69028,600.4476
"2","1","4","1","1","1","1","1",526.12534,516.42105,455.89774,502.94546,523.53165
"2","1","3","1","2","1","1","2",570.24497,601.49401,609.1443,638.57729,583.95612
"1","1","4","2","2","1","1","1",547.13547,573.24976,552.45436,589.76519,509.02999
"2","2","4","2","1","1","1","1",569.31843,600.17853,565.40068,581.2846,552.49424
"2","1","3","1","2","2","2","1",610.53724,557.53052,551.84368,566.24554,625.8523
"3","4","1","4","4","3","4","4",538.22722,525.10888,502.80113,537.18982,524.7755
"3","3","4","2","2","2","2","2",588.03512,640.03218,661.64296,597.0407,651.61957
"2","2","2","3","2","2","3","2",558.62722,580.94456,604.67263,600.69118,601.0944
"1","2","3","3","1","1","1","1",563.32291,622.0146,588.25404,620.08072,511.14916
"2","2","2","2","2","2","2","2",524.82295,530.76514,556.32584,543.86765,500.30571
"2","2","2","3","2","2","2","2",594.70417,564.21566,597.12844,550.65962,563.21276
"2","3","2","3","2","2","2","3",556.34874,591.8683,523.596,579.44981,503.00973
"4","1","4","2","1","1","1","1",545.30417,575.90896,581.8953,595.50962,591.45173
"2","3","2","3","2","2","2","3",655.57536,724.30835,692.54726,625.77834,726.28754
"2","2","3","2","2","1","2","2",559.49178,575.30719,569.36817,611.25258,600.14636
"2","1","3","2","2","2","2","2",623.16976,576.31306,607.94414,655.65374,606.94553
"2","2","3","3","3","2","2","2",551.98666,553.67599,538.90404,538.64874,543.54523
"2","2","4","2","2","1","2","1",612.77949,594.23616,624.50811,631.0027,575.21461
"2","4","2","3","3","2","2","2",538.81566,508.6786,502.80113,501.43235,514.38663
"2","2","3","2","2","2","2","2",665.18656,553.15267,612.1914,584.60407,567.90127
"1","2","2","3","2","2","2","2",626.39717,647.56883,631.52486,592.36834,648.09706
"2","1","4","2","1","1","1","1",669.82098,622.30111,645.0441,612.49996,611.12838
"2","1","4","1","2","1","2","1",551.50487,570.91999,588.99077,572.88632,571.50932
"1","1","3","2","2","1","3","1",535.92838,511.07492,528.63708,512.13067,510.36666
"2","2","3","2","1","1","1","1",549.61211,550.8115,594.66135,552.24745,564.5603
"3","3","2","3","3","1","3","1",494.72982,474.2863,518.43411,572.51918,591.35942
"4","2","2","3","3","2","1","1",601.0733,592.75268,501.96223,571.40164,600.20995
"4","4","2","4","2","3","4","4",552.49542,611.08788,607.14661,544.72787,620.18969
"1","1","3","3","2","2","2","2",441.40171,488.88486,522.30797,453.62776,430.69951
"3","2","3","3","2","2","2","2",607.90123,586.54167,608.69588,568.92505,526.852
"2","4","3","3","2","2","2","2",524.29028,540.9726,507.65412,505.06517,516.91126
"3","3","2","3","3","2","2","2",549.15209,558.04655,511.75455,571.99007,564.70113
